{
	"id": "b91d465f-0354-40fd-9bb0-e2a708a546d3",
	"name": "Chat API",
	"values": [
		{
			"key": "apikey",
			"value": "your apikey",
			"enabled": true
		},
		{
			"key": "toPhoneNumber",
			"value": "the msisdn of the receiver",
			"enabled": true
		},
		{
			"key": "smsPhoneNumber",
			"value": "sender_number for sms",
			"enabled": true
		},
		{
			"key": "whatsappPhoneNumber",
			"value": "account id of whtasapp",
			"enabled": true
		},
		{
			"key": "messageId",
			"value": "message id to get status for",
			"enabled": true
		},
		{
			"key": "mediaId",
			"value": "Id of the media to download",
			"enabled": true
		},
		{
			"key": "whatsappGroupId",
			"value": "Group id of a previously created group\n",
			"enabled": true
		}
	],
	"_postman_variable_scope": "environment",
	"_postman_exported_at": "2019-10-01T19:08:50.832Z",
	"_postman_exported_using": "Postman/7.8.0"
}