{
	"info": {
		"_postman_id": "20af3875-f52a-47c5-8a99-59e8504a4e9a",
		"name": "Chat API V2",
		"description": "This postman collection shows the actual status of tyntecs Chat API.\n\n*Note*: The API is currently in beta state",
		"schema": "https://schema.getpostman.com/json/collection/v2.1.0/collection.json"
	},
	"item": [
		{
			"name": "Whatsapp Messages",
			"item": [
				{
					"name": "Send Whatsapp Template Message",
					"request": {
						"method": "POST",
						"header": [
							{
								"key": "Content-Type",
								"name": "Content-Type",
								"type": "text",
								"value": "application/json"
							},
							{
								"key": "apikey",
								"type": "text",
								"value": "{{apikey}}"
							}
						],
						"body": {
							"mode": "raw",
							"raw": "{\n \"to\": \"{{to_number}}\", \n \"channels\": [\"whatsapp\"],\n \"whatsapp\": {\n \t\"from\" : \"{{whatsapp_from}}\",\n \t\"template\" : {\n \t\t\"templateId\": \"status_update\",\n \t\t\"language\": {\n \t\t\t\"policy\": \"deterministic\",\n \t\t\t\"code\": \"en\"\n \t\t},\n \t\t\"parameters\" : [\n \t\t\t{\"default\": \" \"},\n \t\t\t{\"default\": \"*test*Peter\"},\n \t\t\t{\"default\": \"*test*Peter\"}\n \t\t\t]\n \t\t\t \n \t\t\t\n \t},\n \t\"contentType\":\"template\"\n }\n}"
						},
						"url": {
							"raw": "https://api.tyntec.com/messaging/{{apiVersion}}/chat/messages",
							"protocol": "https",
							"host": [
								"api",
								"tyntec",
								"com"
							],
							"path": [
								"messaging",
								"{{apiVersion}}",
								"chat",
								"messages"
							]
						}
					},
					"response": []
				},
				{
					"name": "Send Whatsapp Text Message",
					"request": {
						"method": "POST",
						"header": [
							{
								"key": "Content-Type",
								"name": "Content-Type",
								"type": "text",
								"value": "application/json"
							},
							{
								"key": "apikey",
								"type": "text",
								"value": "{{apikey}}"
							}
						],
						"body": {
							"mode": "raw",
							"raw": "{\n \"to\": \"{{to_number}}\", \n \"channels\": [\"whatsapp\"], \n \"whatsapp\": {\n \t\"from\" : \"{{whatsapp_from}}\",\n \t\"text\" : \"Hi this is a message from postman\",\n \t\"contentType\":\"text\"\n },\n \t\"context\" : {\n \t\t\"userContext\" : \"test\"\n \t},\n \t\"overrides\" : {\n \t\t\"notificationCallbackUrl\" : \"https://en5v3wv3gfbe.x.pipedream.net/\"\n \t}\n}"
						},
						"url": {
							"raw": "https://api.tyntec.com/messaging/{{apiVersion}}/chat/messages",
							"protocol": "https",
							"host": [
								"api",
								"tyntec",
								"com"
							],
							"path": [
								"messaging",
								"{{apiVersion}}",
								"chat",
								"messages"
							]
						}
					},
					"response": []
				},
				{
					"name": "Send Document",
					"request": {
						"method": "POST",
						"header": [
							{
								"key": "Content-Type",
								"name": "Content-Type",
								"value": "application/json",
								"type": "text"
							},
							{
								"key": "apikey",
								"value": "{{apikey}}",
								"type": "text"
							}
						],
						"body": {
							"mode": "raw",
							"raw": "{\n \"to\": \"{{to_number}}\", \n \"channels\": [\"whatsapp\"], \n \"whatsapp\": {\n \t\"from\" : \"{{default_from}}\",\n \t\"media\" : {\n \t  \"type\" : \"document\",\n \t  \"url\" : \"https://www.tyntec.com/sites/default/files/uploads/1608_tyntec_CorporateBackground.pdf\",\n \t  \"caption\" : \"tyntec corporate background\"\n \t},\n \t\"contentType\":\"media\"\n }\n}"
						},
						"url": {
							"raw": "https://api.tyntec.com/messaging/{{apiVersion}}/chat/messages",
							"protocol": "https",
							"host": [
								"api",
								"tyntec",
								"com"
							],
							"path": [
								"messaging",
								"{{apiVersion}}",
								"chat",
								"messages"
							]
						}
					},
					"response": []
				},
				{
					"name": "Send Image",
					"request": {
						"method": "POST",
						"header": [
							{
								"key": "Content-Type",
								"name": "Content-Type",
								"value": "application/json",
								"type": "text"
							},
							{
								"key": "apikey",
								"value": "{{apikey}}",
								"type": "text"
							}
						],
						"body": {
							"mode": "raw",
							"raw": "{\n \"to\": \"{{to_number}}\", \n \"channels\": [\"whatsapp\"], \n \"whatsapp\": {\n \t\"from\" : \"{{default_from}}\",\n \t\"media\" : {\n \t  \"type\" : \"video\",\n \t  \"url\" : \"https://sample-videos.com/video123/mp4/720/big_buck_bunny_720p_10mb.mp4\",\n \t  \"caption\" : \"funny bunny\"\n \t},\n \t\"contentType\":\"media\"\n }\n}"
						},
						"url": {
							"raw": "https://api.tyntec.com/messaging/{{apiVersion}}/chat/messages",
							"protocol": "https",
							"host": [
								"api",
								"tyntec",
								"com"
							],
							"path": [
								"messaging",
								"{{apiVersion}}",
								"chat",
								"messages"
							]
						}
					},
					"response": []
				},
				{
					"name": "Send Whatsapp URL Message",
					"request": {
						"method": "POST",
						"header": [
							{
								"key": "Content-Type",
								"name": "Content-Type",
								"type": "text",
								"value": "application/json"
							},
							{
								"key": "apikey",
								"type": "text",
								"value": "{{apikey}}"
							}
						],
						"body": {
							"mode": "raw",
							"raw": "{\n \"to\": \"{{to_number}}\", \n \"channels\": [\"whatsapp\"], \n \"whatsapp\": {\n \t\"from\" : \"{{whatsapp_from}}\",\n \t\"text\" : \"Hi this is a message from postman\",\n \t\"contentType\":\"text\"\n }\n}"
						},
						"url": {
							"raw": "https://api.tyntec.com/messaging/{{apiVersion}}/chat/messages",
							"protocol": "https",
							"host": [
								"api",
								"tyntec",
								"com"
							],
							"path": [
								"messaging",
								"{{apiVersion}}",
								"chat",
								"messages"
							]
						}
					},
					"response": []
				}
			]
		},
		{
			"name": "SMS Messages",
			"item": [
				{
					"name": "Send SMS Message",
					"request": {
						"method": "POST",
						"header": [
							{
								"key": "Content-Type",
								"name": "Content-Type",
								"type": "text",
								"value": "application/json"
							},
							{
								"key": "apikey",
								"type": "text",
								"value": "{{apikey}}"
							}
						],
						"body": {
							"mode": "raw",
							"raw": "{\n \"to\": \"{{to_number}}\", \n \"channels\": [\"sms\"], \n \"sms\": {\n \t\"from\": \"{{sms_from}}\",\n \t\"text\" : \"Aloha 👋� from the postman environement!\",\n \t\"contentType\":\"text\"\n }\n}"
						},
						"url": {
							"raw": "https://api.tyntec.com/messaging/{{apiVersion}}/chat/messages",
							"protocol": "https",
							"host": [
								"api",
								"tyntec",
								"com"
							],
							"path": [
								"messaging",
								"{{apiVersion}}",
								"chat",
								"messages"
							]
						}
					},
					"response": []
				}
			],
			"event": [
				{
					"listen": "prerequest",
					"script": {
						"id": "0c0a7a1c-5f2b-4667-9265-021ca483cdb4",
						"type": "text/javascript",
						"exec": [
							""
						]
					}
				},
				{
					"listen": "test",
					"script": {
						"id": "46ff56b5-5380-449c-b68f-5597d0321eef",
						"type": "text/javascript",
						"exec": [
							""
						]
					}
				}
			]
		},
		{
			"name": "Channel selection",
			"item": [
				{
					"name": "Send Whatsapp Message with SMS Fallback",
					"request": {
						"method": "POST",
						"header": [
							{
								"key": "Content-Type",
								"name": "Content-Type",
								"type": "text",
								"value": "application/json"
							},
							{
								"key": "apikey",
								"type": "text",
								"value": "{{apikey}}"
							}
						],
						"body": {
							"mode": "raw",
							"raw": "{\n \"to\": \"{{to_number}}\", \n \"channels\": [\"whatsapp\", \"sms\"], \n \"sms\": {\n \t\"from\": \"{{sms_from}}\",\n \t\"text\" : \"Hi there! This is a message using sms as fallback channel\",\n \t\"contentType\":\"text\"\n }, \n \"whatsapp\": {\n \t\"from\" :\"{{whatsapp_from}}\",\n \t\"text\" : \"Hi there! This is a message using whatsapp or sms channel\",\n \t\"contentType\":\"text\"\n }\n}"
						},
						"url": {
							"raw": "https://api.tyntec.com/messaging/{{apiVersion}}/chat/messages",
							"protocol": "https",
							"host": [
								"api",
								"tyntec",
								"com"
							],
							"path": [
								"messaging",
								"{{apiVersion}}",
								"chat",
								"messages"
							]
						}
					},
					"response": []
				},
				{
					"name": "Specify different senders for the same message",
					"request": {
						"method": "POST",
						"header": [
							{
								"key": "Content-Type",
								"name": "Content-Type",
								"type": "text",
								"value": "application/json"
							},
							{
								"key": "apikey",
								"type": "text",
								"value": "{{apikey}}"
							}
						],
						"body": {
							"mode": "raw",
							"raw": "{\n \"to\": \"{{to_number}}\", \n \"channels\": [\"whatsapp\", \"sms\"], \n \"sms\": {\n \t\"from\": \"{{sms_from}}\",\n \t\"text\" : \"Hi there! This is a message using sms as fallback channel with a different sender\",\n \t\"contentType\":\"text\" \t\n }, \n \"whatsapp\": {\n \t\"from\" :\"{{whatsapp_from}}\",\n \t\"text\" : \"Hi there! This is a message using sms as fallback channel with a different sender\",\n \t\"contentType\":\"text\" \t\n }\n}"
						},
						"url": {
							"raw": "https://api.tyntec.com/messaging/{{apiVersion}}/chat/messages",
							"protocol": "https",
							"host": [
								"api",
								"tyntec",
								"com"
							],
							"path": [
								"messaging",
								"{{apiVersion}}",
								"chat",
								"messages"
							]
						}
					},
					"response": []
				}
			],
			"event": [
				{
					"listen": "prerequest",
					"script": {
						"id": "0c0a7a1c-5f2b-4667-9265-021ca483cdb4",
						"type": "text/javascript",
						"exec": [
							""
						]
					}
				},
				{
					"listen": "test",
					"script": {
						"id": "46ff56b5-5380-449c-b68f-5597d0321eef",
						"type": "text/javascript",
						"exec": [
							""
						]
					}
				}
			]
		},
		{
			"name": "Get Status of Message",
			"request": {
				"method": "GET",
				"header": [
					{
						"key": "apikey",
						"value": "{{apikey}}",
						"type": "text"
					}
				],
				"url": {
					"raw": "https://api.tyntec.com/messaging/{{apiVersion}}/chat/messages/{{messageId}}/status",
					"protocol": "https",
					"host": [
						"api",
						"tyntec",
						"com"
					],
					"path": [
						"messaging",
						"{{apiVersion}}",
						"chat",
						"messages",
						"{{messageId}}",
						"status"
					]
				}
			},
			"response": []
		},
		{
			"name": "Get the message",
			"request": {
				"method": "GET",
				"header": [
					{
						"key": "apikey",
						"type": "text",
						"value": "{{apikey}}"
					}
				],
				"url": {
					"raw": "https://api.tyntec.com/messaging/{{apiVersion}}/chat/messages/{{messageId}}",
					"protocol": "https",
					"host": [
						"api",
						"tyntec",
						"com"
					],
					"path": [
						"messaging",
						"{{apiVersion}}",
						"chat",
						"messages",
						"{{messageId}}"
					]
				}
			},
			"response": []
		},
		{
			"name": "Get History of Message",
			"request": {
				"method": "GET",
				"header": [
					{
						"key": "apikey",
						"type": "text",
						"value": "{{apikey}}"
					}
				],
				"url": {
					"raw": "https://api.tyntec.com/messaging/{{apiVersion}}/chat/messages/{{messageId}}/history",
					"protocol": "https",
					"host": [
						"api",
						"tyntec",
						"com"
					],
					"path": [
						"messaging",
						"{{apiVersion}}",
						"chat",
						"messages",
						"{{messageId}}",
						"history"
					]
				}
			},
			"response": []
		},
		{
			"name": "Get Media",
			"request": {
				"method": "GET",
				"header": [
					{
						"key": "apikey",
						"type": "text",
						"value": "{{apikey}}"
					}
				],
				"url": {
					"raw": "https://api.tyntec.com/messaging/{{apiVersion}}/chat/media/{{mediaId}}",
					"protocol": "https",
					"host": [
						"api",
						"tyntec",
						"com"
					],
					"path": [
						"messaging",
						"{{apiVersion}}",
						"chat",
						"media",
						"{{mediaId}}"
					]
				}
			},
			"response": []
		}
	],
	"event": [
		{
			"listen": "prerequest",
			"script": {
				"id": "1bcc5c29-d5c6-4e28-84f4-f7d114100d3d",
				"type": "text/javascript",
				"exec": [
					""
				]
			}
		},
		{
			"listen": "test",
			"script": {
				"id": "14b4839b-ca77-4b82-84b3-068b118d5a80",
				"type": "text/javascript",
				"exec": [
					""
				]
			}
		}
	],
	"variable": [
		{
			"id": "88b11270-59f5-4f46-a5f3-3e0d767a8a17",
			"key": "apiVersion",
			"value": "v2",
			"type": "string"
		},
		{
			"id": "233865bd-508a-4293-865e-6f8070cfa247",
			"key": "baseUrl",
			"value": "https://api.tyntec.com",
			"type": "string"
		},
		{
			"id": "b8e95dca-3502-4c1b-84f2-944bc00fe054",
			"key": "serviceUrl",
			"value": "{{baseUrl}}/messaging/{{apiVersion}}/chat/messages",
			"type": "string"
		}
	]
}