{
	"info": {
		"_postman_id": "20af3875-f52a-47c5-8a99-59e8504a4e9a",
		"name": "Chat API V2.7",
		"description": "This postman collection gives you easy access to tyntecs Chat API.\n\nThe official documentation is available at https://api.tyntec.com/reference/#chat-api.",
		"schema": "https://schema.getpostman.com/json/collection/v2.1.0/collection.json"
	},
	"item": [
		{
			"name": "Whatsapp Messages",
			"item": [
				{
					"name": "Send Whatsapp Template Message",
					"request": {
						"method": "POST",
						"header": [
							{
								"key": "Content-Type",
								"name": "Content-Type",
								"type": "text",
								"value": "application/json"
							}
						],
						"body": {
							"mode": "raw",
							"raw": "{\n \"to\": \"{{toPhoneNumber}}\", \n \"channels\": [\"whatsapp\"],\n \"whatsapp\": {\n \t\"from\" : \"{{whatsappPhoneNumber}}\",\n \t\"template\" : {\n \t\t\"templateId\": \"status_update\",\n \t\t\"language\": {\n \t\t\t\"policy\": \"deterministic\",\n \t\t\t\"code\": \"en\"\n \t\t},\n \t\t\"components\" : [\n \t\t\t{\"type\": \"body\",\n \t\t\t\t\"parameters\": [{\"type\":\"text\", \"text\" : \"Peter\"}, {\"type\":\"text\", \"text\" : \"demo account\"}, {\"type\":\"text\", \"text\" : \"provisioned\"}]\n \t\t\t}\n \t\t\t]\n \t\t\t \n \t\t\t\n \t},\n \t\"contentType\":\"template\"\n }\n}"
						},
						"url": {
							"raw": "https://api.tyntec.com/chat-api/{{apiVersion}}/messages",
							"protocol": "https",
							"host": [
								"api",
								"tyntec",
								"com"
							],
							"path": [
								"chat-api",
								"{{apiVersion}}",
								"messages"
							]
						}
					},
					"response": []
				},
				{
					"name": "Send Whatsapp Rich Media Notification (Image)",
					"request": {
						"method": "POST",
						"header": [
							{
								"key": "Content-Type",
								"name": "Content-Type",
								"type": "text",
								"value": "application/json"
							}
						],
						"body": {
							"mode": "raw",
							"raw": "{\n \"to\": \"{{toPhoneNumber}}\", \n \"channels\": [\"whatsapp\"],\n \"whatsapp\": {\n \t\"from\" : \"{{whatsappPhoneNumber}}\",\n \t\"template\" : {\n \t\t\"templateId\": \"2fa_qr_code\",\n \t\t\"language\": {\n \t\t\t\"policy\": \"deterministic\",\n \t\t\t\"code\": \"en\"\n \t\t},\n \t\t\"components\" : [\n \t\t\t{\"type\": \"header\",\n \t\t\t\t\"parameters\" : [ {\"type\" : \"media\",\n \t\t\t\t\t\"media\" : {\"url\" : \"https://upload.wikimedia.org/wikipedia/commons/6/6c/Sample_EPC_QR_code.png\", \"type\" :\"image\"}\n \t\t\t\t}]\n \t\t\t},\n \t\t\t{\"type\" : \"body\",\n \t\t\t\t\"parameters\" : [\n \t\t\t\t\t{\"type\" :\"text\", \"text\" : \"Peter\"}\n \t\t\t\t]\n \t\t\t}\n \t\t\t]\n \t\t\t \n \t\t\t\n \t},\n \t\"contentType\":\"template\"\n }\n}"
						},
						"url": {
							"raw": "https://api.tyntec.com/chat-api/{{apiVersion}}/messages",
							"protocol": "https",
							"host": [
								"api",
								"tyntec",
								"com"
							],
							"path": [
								"chat-api",
								"{{apiVersion}}",
								"messages"
							]
						}
					},
					"response": []
				},
				{
					"name": "Send Whatsapp Rich Media Notification (Document)",
					"request": {
						"method": "POST",
						"header": [
							{
								"key": "Content-Type",
								"name": "Content-Type",
								"type": "text",
								"value": "application/json"
							}
						],
						"body": {
							"mode": "raw",
							"raw": "{\n \"to\": \"{{toPhoneNumber}}\", \n \"channels\": [\"whatsapp\"],\n \"whatsapp\": {\n \t\"from\" : \"{{whatsappPhoneNumber}}\",\n \t\"template\" : {\n \t\t\"templateId\": \"checkin_voucher\",\n \t\t\"language\": {\n \t\t\t\"policy\": \"deterministic\",\n \t\t\t\"code\": \"en\"\n \t\t},\n \t\t\"components\" : [\n \t\t\t{\"type\": \"header\",\n \t\t\t\t\"parameters\" : [ {\"type\" : \"media\",\n \t\t\t\t\t\"media\" : {\n \t\t\t\t\t\t\"url\" : \"https://www.tyntec.com/sites/default/files/uploads/1608_tyntec_CorporateBackground.pdf\", \n \t\t\t\t\t\t\"type\" :\"document\",\n \t\t\t\t\t\t\"filename\" : \"tyntec background\"\n \t\t\t\t\t\t\n \t\t\t\t\t}\n \t\t\t\t}]\n \t\t\t},\n \t\t\t{\"type\" : \"body\",\n \t\t\t\t\"parameters\" : [\n \t\t\t\t\t{\"type\" :\"text\", \"text\" : \"Peter\"},\n \t\t\t\t\t{\"type\" :\"text\", \"text\" : \"tyntec 5 stars\"}\n \t\t\t\t]\n \t\t\t}\n \t\t\t]\n \t\t\t \n \t\t\t\n \t},\n \t\"contentType\":\"template\"\n }\n}"
						},
						"url": {
							"raw": "https://api.tyntec.com/chat-api/{{apiVersion}}/messages",
							"protocol": "https",
							"host": [
								"api",
								"tyntec",
								"com"
							],
							"path": [
								"chat-api",
								"{{apiVersion}}",
								"messages"
							]
						}
					},
					"response": []
				},
				{
					"name": "Send Whatsapp Text Message",
					"request": {
						"method": "POST",
						"header": [
							{
								"key": "Content-Type",
								"name": "Content-Type",
								"type": "text",
								"value": "application/json"
							}
						],
						"body": {
							"mode": "raw",
							"raw": "{\n\"to\": \"{{toPhoneNumber}}\", \n \"channels\": [\"whatsapp\"],\n \"whatsapp\": {\n \t\"from\" : \"{{whatsappPhoneNumber}}\",\n \t\"text\" : \"test message\",\n \t\"contentType\":\"text\"\n }\n}"
						},
						"url": {
							"raw": "https://api.tyntec.com/chat-api/{{apiVersion}}/messages",
							"protocol": "https",
							"host": [
								"api",
								"tyntec",
								"com"
							],
							"path": [
								"chat-api",
								"{{apiVersion}}",
								"messages"
							]
						}
					},
					"response": []
				},
				{
					"name": "Send Whatsapp Location Message",
					"request": {
						"method": "POST",
						"header": [
							{
								"key": "Content-Type",
								"name": "Content-Type",
								"type": "text",
								"value": "application/json"
							}
						],
						"body": {
							"mode": "raw",
							"raw": "{\n \"to\": \"{{toPhoneNumber}}\", \n \"channels\": [\"whatsapp\"],\n \"whatsapp\": {\n \t\"from\" : \"{{whatsappPhoneNumber}}\",\n \t\"location\" : {\n \t\t\"longitude\" : 7.4954884,\n \t\t\"latitude\" : 51.5005765,\n \t\t\"name\" : \"tyntec GmbH\",\n \t\t\"address\" : \"tyntec GmbH, Semerteichstraße, Dortmund\"\n \t},\n \t\"contentType\":\"location\"\n }\n}"
						},
						"url": {
							"raw": "https://api.tyntec.com/chat-api/{{apiVersion}}/messages",
							"protocol": "https",
							"host": [
								"api",
								"tyntec",
								"com"
							],
							"path": [
								"chat-api",
								"{{apiVersion}}",
								"messages"
							]
						}
					},
					"response": []
				},
				{
					"name": "Send Document",
					"request": {
						"method": "POST",
						"header": [
							{
								"key": "Content-Type",
								"name": "Content-Type",
								"value": "application/json",
								"type": "text"
							}
						],
						"body": {
							"mode": "raw",
							"raw": "{\n \"to\": \"{{toPhoneNumber}}\", \n \"channels\": [\"whatsapp\"],\n \"whatsapp\": {\n \t\"from\" : \"{{whatsappPhoneNumber}}\",\n \t\"media\" : {\n \t  \"type\" : \"document\",\n \t  \"url\" : \"https://www.tyntec.com/sites/default/files/uploads/1608_tyntec_CorporateBackground.pdf\",\n \t  \"caption\" : \"tyntec corporate background\"\n \t},\n \t\"contentType\":\"media\"\n }\n}"
						},
						"url": {
							"raw": "https://api.tyntec.com/chat-api/{{apiVersion}}/messages",
							"protocol": "https",
							"host": [
								"api",
								"tyntec",
								"com"
							],
							"path": [
								"chat-api",
								"{{apiVersion}}",
								"messages"
							]
						}
					},
					"response": []
				},
				{
					"name": "Send Image",
					"request": {
						"method": "POST",
						"header": [
							{
								"key": "Content-Type",
								"name": "Content-Type",
								"value": "application/json",
								"type": "text"
							}
						],
						"body": {
							"mode": "raw",
							"raw": "{\n \"to\": \"{{toPhoneNumber}}\", \n \"channels\": [\"whatsapp\"],\n \"whatsapp\": {\n \t\"from\" : \"{{whatsappPhoneNumber}}\",\n \t\"media\" : {\n \t  \"type\" : \"image\",\n \t  \"url\" : \"https://yokoent.com/images/crowd-png-2.png\"\n \t},\n \t\"contentType\":\"media\"\n }\n}"
						},
						"url": {
							"raw": "https://api.tyntec.com/chat-api/{{apiVersion}}/messages",
							"protocol": "https",
							"host": [
								"api",
								"tyntec",
								"com"
							],
							"path": [
								"chat-api",
								"{{apiVersion}}",
								"messages"
							]
						}
					},
					"response": []
				},
				{
					"name": "Send Video",
					"request": {
						"method": "POST",
						"header": [
							{
								"key": "Content-Type",
								"name": "Content-Type",
								"value": "application/json",
								"type": "text"
							}
						],
						"body": {
							"mode": "raw",
							"raw": "{\n \"to\": \"{{toPhoneNumber}}\", \n \"channels\": [\"whatsapp\"],\n \"whatsapp\": {\n \t\"from\" : \"{{whatsappPhoneNumber}}\",\n \t\"media\" : {\n \t  \"type\" : \"image\",\n \t  \"url\" : \"https://yokoent.com/images/crowd-png-2.png\"\n \t},\n \t\"contentType\":\"media\"\n }\n}"
						},
						"url": {
							"raw": "https://api.tyntec.com/chat-api/{{apiVersion}}/messages",
							"protocol": "https",
							"host": [
								"api",
								"tyntec",
								"com"
							],
							"path": [
								"chat-api",
								"{{apiVersion}}",
								"messages"
							]
						}
					},
					"response": []
				}
			]
		},
		{
			"name": "SMS Messages",
			"item": [
				{
					"name": "Send SMS Message",
					"request": {
						"method": "POST",
						"header": [
							{
								"key": "Content-Type",
								"name": "Content-Type",
								"type": "text",
								"value": "application/json"
							}
						],
						"body": {
							"mode": "raw",
							"raw": "{\n \"to\": \"{{to_number}}\", \n \"channels\": [\"sms\"], \n \"sms\": {\n \t\"from\": \"{{sms_from}}\",\n \t\"text\" : \"Aloha 👋� from the postman environement!\",\n \t\"contentType\":\"text\"\n }\n}"
						},
						"url": {
							"raw": "https://api.tyntec.com/chat-api/{{apiVersion}}/messages",
							"protocol": "https",
							"host": [
								"api",
								"tyntec",
								"com"
							],
							"path": [
								"chat-api",
								"{{apiVersion}}",
								"messages"
							]
						}
					},
					"response": []
				}
			],
			"event": [
				{
					"listen": "prerequest",
					"script": {
						"id": "0c0a7a1c-5f2b-4667-9265-021ca483cdb4",
						"type": "text/javascript",
						"exec": [
							""
						]
					}
				},
				{
					"listen": "test",
					"script": {
						"id": "46ff56b5-5380-449c-b68f-5597d0321eef",
						"type": "text/javascript",
						"exec": [
							""
						]
					}
				}
			]
		},
		{
			"name": "Channel selection",
			"item": [
				{
					"name": "Send Whatsapp Message with SMS Fallback",
					"request": {
						"method": "POST",
						"header": [
							{
								"key": "Content-Type",
								"name": "Content-Type",
								"type": "text",
								"value": "application/json"
							}
						],
						"body": {
							"mode": "raw",
							"raw": "{\n \"to\": \"{{toPhoneNumber}}\", \n \"channels\": [\"whatsapp\", \"sms\"], \n \"sms\": {\n \t\"from\": \"{{smsPhoneNumber}}\",\n \t\"text\" : \"Hi there! This is a message using sms as fallback channel\",\n \t\"contentType\":\"text\"\n }, \n \"whatsapp\": {\n \t\"from\" :\"{{whatsappPhoneNumber}}\",\n \t\"text\" : \"Hi there! This is a message using whatsapp or sms channel\",\n \t\"contentType\":\"text\"\n }\n}"
						},
						"url": {
							"raw": "https://api.tyntec.com/chat-api/{{apiVersion}}/messages",
							"protocol": "https",
							"host": [
								"api",
								"tyntec",
								"com"
							],
							"path": [
								"chat-api",
								"{{apiVersion}}",
								"messages"
							]
						}
					},
					"response": []
				},
				{
					"name": "Specify different senders for the same message",
					"request": {
						"method": "POST",
						"header": [
							{
								"key": "Content-Type",
								"name": "Content-Type",
								"type": "text",
								"value": "application/json"
							}
						],
						"body": {
							"mode": "raw",
							"raw": "{\n \"to\": \"{{toPhoneNumber}}\", \n \"channels\": [\"whatsapp\", \"sms\"], \n \"sms\": {\n \t\"from\": \"{{smsPhoneNumber}}\",\n \t\"text\" : \"Hi there! This is a message using sms as fallback channel with a different sender\",\n \t\"contentType\":\"text\" \t\n }, \n \"whatsapp\": {\n \t\"from\" :\"{{whatsappPhoneNumber}}\",\n \t\"text\" : \"Hi there! This is a message using sms as fallback channel with a different sender\",\n \t\"contentType\":\"text\" \t\n }\n}"
						},
						"url": {
							"raw": "https://api.tyntec.com/chat-api/{{apiVersion}}/messages",
							"protocol": "https",
							"host": [
								"api",
								"tyntec",
								"com"
							],
							"path": [
								"chat-api",
								"{{apiVersion}}",
								"messages"
							]
						}
					},
					"response": []
				}
			],
			"event": [
				{
					"listen": "prerequest",
					"script": {
						"id": "0c0a7a1c-5f2b-4667-9265-021ca483cdb4",
						"type": "text/javascript",
						"exec": [
							""
						]
					}
				},
				{
					"listen": "test",
					"script": {
						"id": "46ff56b5-5380-449c-b68f-5597d0321eef",
						"type": "text/javascript",
						"exec": [
							""
						]
					}
				}
			]
		},
		{
			"name": "Customized requests",
			"item": [
				{
					"name": "Send Whatsapp Text Message with userContext",
					"request": {
						"method": "POST",
						"header": [
							{
								"key": "Content-Type",
								"name": "Content-Type",
								"type": "text",
								"value": "application/json"
							}
						],
						"body": {
							"mode": "raw",
							"raw": "{\n\"to\": \"{{toPhoneNumber}}\", \n \"channels\": [\"whatsapp\"],\n \"whatsapp\": {\n \t\"from\" : \"{{whatsappPhoneNumber}}\",\n \t\"text\" : \"test message\",\n \t\"contentType\":\"text\"\n },\n \"context\" : {\n \t\"userContext\" : \"This is an example context. it will be returned on the message status events\"\n }\n}"
						},
						"url": {
							"raw": "https://api.tyntec.com/chat-api/{{apiVersion}}/messages",
							"protocol": "https",
							"host": [
								"api",
								"tyntec",
								"com"
							],
							"path": [
								"chat-api",
								"{{apiVersion}}",
								"messages"
							]
						}
					},
					"response": []
				},
				{
					"name": "Send Whatsapp Text Message with callback URL override",
					"request": {
						"method": "POST",
						"header": [
							{
								"key": "Content-Type",
								"name": "Content-Type",
								"type": "text",
								"value": "application/json"
							}
						],
						"body": {
							"mode": "raw",
							"raw": "{\n\"to\": \"{{toPhoneNumber}}\", \n \"channels\": [\"whatsapp\"],\n \"whatsapp\": {\n \t\"from\" : \"{{whatsappPhoneNumber}}\",\n \t\"text\" : \"The MessageStatus is send to https://requestbin.com/r/enxtlfh2qo5q\",\n \t\"contentType\":\"text\"\n },\n \"overrides\" : {\n \t\"notificationCallbackUrl\" : \"https://enxtlfh2qo5q.x.pipedream.net\"\n }\n}"
						},
						"url": {
							"raw": "https://api.tyntec.com/chat-api/{{apiVersion}}/messages",
							"protocol": "https",
							"host": [
								"api",
								"tyntec",
								"com"
							],
							"path": [
								"chat-api",
								"{{apiVersion}}",
								"messages"
							]
						}
					},
					"response": []
				}
			]
		},
		{
			"name": "WhatsApp",
			"item": [
				{
					"name": "Group Management",
					"item": [
						{
							"name": "List all groups",
							"request": {
								"method": "GET",
								"header": [],
								"url": {
									"raw": "https://api.tyntec.com/chat-api/{{apiVersion}}/channels/whatsapp/phone-numbers/{{whatsappPhoneNumber}}/groups",
									"protocol": "https",
									"host": [
										"api",
										"tyntec",
										"com"
									],
									"path": [
										"chat-api",
										"{{apiVersion}}",
										"channels",
										"whatsapp",
										"phone-numbers",
										"{{whatsappPhoneNumber}}",
										"groups"
									]
								}
							},
							"response": []
						},
						{
							"name": "Create new group",
							"request": {
								"method": "POST",
								"header": [
									{
										"key": "Content-Type",
										"value": "application/json",
										"type": "text"
									}
								],
								"body": {
									"mode": "raw",
									"raw": "{\n\t\"subject\" : \"Group Subject\"\n}"
								},
								"url": {
									"raw": "https://api.tyntec.com/chat-api/{{apiVersion}}/channels/whatsapp/phone-numbers/{{whatsappPhoneNumber}}/groups",
									"protocol": "https",
									"host": [
										"api",
										"tyntec",
										"com"
									],
									"path": [
										"chat-api",
										"{{apiVersion}}",
										"channels",
										"whatsapp",
										"phone-numbers",
										"{{whatsappPhoneNumber}}",
										"groups"
									]
								}
							},
							"response": []
						},
						{
							"name": "Get Group Info",
							"request": {
								"method": "GET",
								"header": [],
								"url": {
									"raw": "https://api.tyntec.com/chat-api/{{apiVersion}}/channels/whatsapp/phone-numbers/{{whatsappPhoneNumber}}/groups/{{whatsappGroupId}}",
									"protocol": "https",
									"host": [
										"api",
										"tyntec",
										"com"
									],
									"path": [
										"chat-api",
										"{{apiVersion}}",
										"channels",
										"whatsapp",
										"phone-numbers",
										"{{whatsappPhoneNumber}}",
										"groups",
										"{{whatsappGroupId}}"
									]
								}
							},
							"response": []
						},
						{
							"name": "Get Group Profile",
							"request": {
								"method": "GET",
								"header": [],
								"url": {
									"raw": "https://api.tyntec.com/chat-api/{{apiVersion}}/channels/whatsapp/phone-numbers/{{whatsappPhoneNumber}}/groups/{{whatsappGroupId}}/settings/profile",
									"protocol": "https",
									"host": [
										"api",
										"tyntec",
										"com"
									],
									"path": [
										"chat-api",
										"{{apiVersion}}",
										"channels",
										"whatsapp",
										"phone-numbers",
										"{{whatsappPhoneNumber}}",
										"groups",
										"{{whatsappGroupId}}",
										"settings",
										"profile"
									]
								}
							},
							"response": []
						},
						{
							"name": "Update Group Profile",
							"request": {
								"method": "PUT",
								"header": [
									{
										"key": "Content-Type",
										"value": "application/json",
										"type": "text"
									}
								],
								"body": {
									"mode": "raw",
									"raw": "{\n\t\"subject\" : \"Changed Group Title\"\n}"
								},
								"url": {
									"raw": "https://api.tyntec.com/chat-api/{{apiVersion}}/channels/whatsapp/phone-numbers/{{whatsappPhoneNumber}}/groups/{{whatsappGroupId}}/settings/profile",
									"protocol": "https",
									"host": [
										"api",
										"tyntec",
										"com"
									],
									"path": [
										"chat-api",
										"{{apiVersion}}",
										"channels",
										"whatsapp",
										"phone-numbers",
										"{{whatsappPhoneNumber}}",
										"groups",
										"{{whatsappGroupId}}",
										"settings",
										"profile"
									]
								}
							},
							"response": []
						},
						{
							"name": "Get Group Icon",
							"request": {
								"method": "GET",
								"header": [],
								"url": {
									"raw": "https://api.tyntec.com/chat-api/{{apiVersion}}/channels/whatsapp/phone-numbers/{{whatsappPhoneNumber}}/groups/{{whatsappGroupId}}/settings/icon",
									"protocol": "https",
									"host": [
										"api",
										"tyntec",
										"com"
									],
									"path": [
										"chat-api",
										"{{apiVersion}}",
										"channels",
										"whatsapp",
										"phone-numbers",
										"{{whatsappPhoneNumber}}",
										"groups",
										"{{whatsappGroupId}}",
										"settings",
										"icon"
									]
								}
							},
							"response": []
						},
						{
							"name": "Update Group Icon",
							"request": {
								"method": "PUT",
								"header": [
									{
										"key": "Content-Type",
										"value": "image/jpeg",
										"type": "text"
									}
								],
								"body": {
									"mode": "file",
									"file": {
										"src": "/C:/Users/pdaum/Pictures/streams.jpg"
									}
								},
								"url": {
									"raw": "https://api.tyntec.com/chat-api/{{apiVersion}}/channels/whatsapp/phone-numbers/{{whatsappPhoneNumber}}/groups/{{whatsappGroupId}}/settings/icon",
									"protocol": "https",
									"host": [
										"api",
										"tyntec",
										"com"
									],
									"path": [
										"chat-api",
										"{{apiVersion}}",
										"channels",
										"whatsapp",
										"phone-numbers",
										"{{whatsappPhoneNumber}}",
										"groups",
										"{{whatsappGroupId}}",
										"settings",
										"icon"
									]
								}
							},
							"response": []
						},
						{
							"name": "Create Invite Link",
							"request": {
								"method": "PUT",
								"header": [],
								"url": {
									"raw": "https://api.tyntec.com/chat-api/{{apiVersion}}/channels/whatsapp/phone-numbers/{{whatsappPhoneNumber}}/groups/{{whatsappGroupId}}/invites/link",
									"protocol": "https",
									"host": [
										"api",
										"tyntec",
										"com"
									],
									"path": [
										"chat-api",
										"{{apiVersion}}",
										"channels",
										"whatsapp",
										"phone-numbers",
										"{{whatsappPhoneNumber}}",
										"groups",
										"{{whatsappGroupId}}",
										"invites",
										"link"
									]
								}
							},
							"response": []
						},
						{
							"name": "Get Invite Link",
							"request": {
								"method": "GET",
								"header": [],
								"url": {
									"raw": "https://api.tyntec.com/chat-api/{{apiVersion}}/channels/whatsapp/phone-numbers/{{whatsappPhoneNumber}}/groups/{{whatsappGroupId}}/invites/link",
									"protocol": "https",
									"host": [
										"api",
										"tyntec",
										"com"
									],
									"path": [
										"chat-api",
										"{{apiVersion}}",
										"channels",
										"whatsapp",
										"phone-numbers",
										"{{whatsappPhoneNumber}}",
										"groups",
										"{{whatsappGroupId}}",
										"invites",
										"link"
									]
								}
							},
							"response": []
						},
						{
							"name": "Invalidate Invite Link",
							"request": {
								"method": "DELETE",
								"header": [],
								"url": {
									"raw": "https://api.tyntec.com/chat-api/{{apiVersion}}/channels/whatsapp/phone-numbers/{{whatsappPhoneNumber}}/groups/{{whatsappGroupId}}/invites/link",
									"protocol": "https",
									"host": [
										"api",
										"tyntec",
										"com"
									],
									"path": [
										"chat-api",
										"{{apiVersion}}",
										"channels",
										"whatsapp",
										"phone-numbers",
										"{{whatsappPhoneNumber}}",
										"groups",
										"{{whatsappGroupId}}",
										"invites",
										"link"
									]
								}
							},
							"response": []
						},
						{
							"name": "List participants",
							"request": {
								"method": "GET",
								"header": [],
								"url": {
									"raw": "https://api.tyntec.com/chat-api/{{apiVersion}}/channels/whatsapp/phone-numbers/{{whatsappPhoneNumber}}/groups/{{whatsappGroupId}}/participants",
									"protocol": "https",
									"host": [
										"api",
										"tyntec",
										"com"
									],
									"path": [
										"chat-api",
										"{{apiVersion}}",
										"channels",
										"whatsapp",
										"phone-numbers",
										"{{whatsappPhoneNumber}}",
										"groups",
										"{{whatsappGroupId}}",
										"participants"
									]
								}
							},
							"response": []
						},
						{
							"name": "Remove participants",
							"request": {
								"method": "DELETE",
								"header": [
									{
										"key": "Content-Type",
										"value": "application/json",
										"type": "text"
									}
								],
								"body": {
									"mode": "raw",
									"raw": "{\n\t\"participants\" : [\"1235\"]\n}"
								},
								"url": {
									"raw": "https://api.tyntec.com/chat-api/{{apiVersion}}/channels/whatsapp/phone-numbers/{{whatsappPhoneNumber}}/groups/{{whatsappGroupId}}/participants",
									"protocol": "https",
									"host": [
										"api",
										"tyntec",
										"com"
									],
									"path": [
										"chat-api",
										"{{apiVersion}}",
										"channels",
										"whatsapp",
										"phone-numbers",
										"{{whatsappPhoneNumber}}",
										"groups",
										"{{whatsappGroupId}}",
										"participants"
									]
								}
							},
							"response": []
						},
						{
							"name": "Remove yourself from the group",
							"request": {
								"method": "DELETE",
								"header": [
									{
										"key": "Content-Type",
										"type": "text",
										"value": "application/json",
										"disabled": true
									}
								],
								"url": {
									"raw": "https://api.tyntec.com/chat-api/{{apiVersion}}/channels/whatsapp/phone-numbers/{{whatsappPhoneNumber}}/groups/{{whatsappGroupId}}/participants/self",
									"protocol": "https",
									"host": [
										"api",
										"tyntec",
										"com"
									],
									"path": [
										"chat-api",
										"{{apiVersion}}",
										"channels",
										"whatsapp",
										"phone-numbers",
										"{{whatsappPhoneNumber}}",
										"groups",
										"{{whatsappGroupId}}",
										"participants",
										"self"
									]
								}
							},
							"response": []
						}
					],
					"event": [
						{
							"listen": "prerequest",
							"script": {
								"id": "68fed33d-ee27-49b5-a99f-4b21d66d93a2",
								"type": "text/javascript",
								"exec": [
									""
								]
							}
						},
						{
							"listen": "test",
							"script": {
								"id": "f6d7812f-8edd-4cc7-9dd3-3de5781b28a2",
								"type": "text/javascript",
								"exec": [
									""
								]
							}
						}
					],
					"protocolProfileBehavior": {},
					"_postman_isSubFolder": true
				},
				{
					"name": "Profile Management",
					"item": [
						{
							"name": "Get Profile",
							"request": {
								"method": "GET",
								"header": [],
								"url": {
									"raw": "https://api.tyntec.com/chat-api/{{apiVersion}}/channels/whatsapp/phone-numbers/{{whatsappPhoneNumber}}/settings/profile",
									"protocol": "https",
									"host": [
										"api",
										"tyntec",
										"com"
									],
									"path": [
										"chat-api",
										"{{apiVersion}}",
										"channels",
										"whatsapp",
										"phone-numbers",
										"{{whatsappPhoneNumber}}",
										"settings",
										"profile"
									]
								}
							},
							"response": []
						},
						{
							"name": "Update Complete Profile",
							"request": {
								"method": "PATCH",
								"header": [
									{
										"key": "Content-Type",
										"name": "Content-Type",
										"value": "application/json",
										"type": "text"
									}
								],
								"body": {
									"mode": "raw",
									"raw": "{\r\n    \"address\": \"<<address>>\",\r\n    \"description\": \"<<description>>\",\r\n    \"email\": \"<<email>>\",\r\n    \"vertical\": \"<<vertical>>\",\r\n    \"websites\": [\r\n        \"<<website>>\"\r\n    ],\r\n    \"about\": \"<<about>>\"\r\n}",
									"options": {
										"raw": {
											"language": "json"
										}
									}
								},
								"url": {
									"raw": "https://api.tyntec.com/chat-api/{{apiVersion}}/channels/whatsapp/phone-numbers/{{whatsappPhoneNumber}}/settings/profile",
									"protocol": "https",
									"host": [
										"api",
										"tyntec",
										"com"
									],
									"path": [
										"chat-api",
										"{{apiVersion}}",
										"channels",
										"whatsapp",
										"phone-numbers",
										"{{whatsappPhoneNumber}}",
										"settings",
										"profile"
									]
								}
							},
							"response": []
						},
						{
							"name": "Update Partial Profile Copy",
							"request": {
								"method": "PATCH",
								"header": [
									{
										"key": "Content-Type",
										"name": "Content-Type",
										"type": "text",
										"value": "application/json"
									}
								],
								"body": {
									"mode": "raw",
									"raw": "{\r\n    \"address\": \"<<address>>\",\r\n    \"description\": \"<<description>>\",\r\n    \"email\": \"<<email>>\",\r\n    \"about\": \"<<about>>\"\r\n}",
									"options": {
										"raw": {
											"language": "json"
										}
									}
								},
								"url": {
									"raw": "https://api.tyntec.com/chat-api/{{apiVersion}}/channels/whatsapp/phone-numbers/{{whatsappPhoneNumber}}/settings/profile",
									"protocol": "https",
									"host": [
										"api",
										"tyntec",
										"com"
									],
									"path": [
										"chat-api",
										"{{apiVersion}}",
										"channels",
										"whatsapp",
										"phone-numbers",
										"{{whatsappPhoneNumber}}",
										"settings",
										"profile"
									]
								}
							},
							"response": []
						},
						{
							"name": "Get Logo",
							"request": {
								"method": "GET",
								"header": [],
								"url": {
									"raw": "https://api.tyntec.com/chat-api/{{apiVersion}}/channels/whatsapp/phone-numbers/{{whatsappPhoneNumber}}/settings/logo",
									"protocol": "https",
									"host": [
										"api",
										"tyntec",
										"com"
									],
									"path": [
										"chat-api",
										"{{apiVersion}}",
										"channels",
										"whatsapp",
										"phone-numbers",
										"{{whatsappPhoneNumber}}",
										"settings",
										"logo"
									]
								}
							},
							"response": []
						},
						{
							"name": "Update Logo",
							"request": {
								"method": "PUT",
								"header": [],
								"url": {
									"raw": "https://api.tyntec.com/chat-api/{{apiVersion}}/channels/whatsapp/phone-numbers/{{whatsappPhoneNumber}}/settings/logo",
									"protocol": "https",
									"host": [
										"api",
										"tyntec",
										"com"
									],
									"path": [
										"chat-api",
										"{{apiVersion}}",
										"channels",
										"whatsapp",
										"phone-numbers",
										"{{whatsappPhoneNumber}}",
										"settings",
										"logo"
									]
								}
							},
							"response": []
						}
					],
					"protocolProfileBehavior": {},
					"_postman_isSubFolder": true
				}
			],
			"protocolProfileBehavior": {}
		},
		{
			"name": "Get Status of Message",
			"request": {
				"method": "GET",
				"header": [],
				"url": {
					"raw": "https://api.tyntec.com/chat-api/{{apiVersion}}/messages/{{messageId}}/status",
					"protocol": "https",
					"host": [
						"api",
						"tyntec",
						"com"
					],
					"path": [
						"chat-api",
						"{{apiVersion}}",
						"messages",
						"{{messageId}}",
						"status"
					]
				}
			},
			"response": []
		},
		{
			"name": "Get the message",
			"request": {
				"method": "GET",
				"header": [],
				"url": {
					"raw": "https://api.tyntec.com/chat-api/{{apiVersion}}/messages/{{messageId}}",
					"protocol": "https",
					"host": [
						"api",
						"tyntec",
						"com"
					],
					"path": [
						"chat-api",
						"{{apiVersion}}",
						"messages",
						"{{messageId}}"
					]
				}
			},
			"response": []
		},
		{
			"name": "Get History of Message",
			"request": {
				"method": "GET",
				"header": [],
				"url": {
					"raw": "https://api.tyntec.com/chat-api/{{apiVersion}}/messages/{{messageId}}/history",
					"protocol": "https",
					"host": [
						"api",
						"tyntec",
						"com"
					],
					"path": [
						"chat-api",
						"{{apiVersion}}",
						"messages",
						"{{messageId}}",
						"history"
					]
				}
			},
			"response": []
		},
		{
			"name": "Get Media",
			"request": {
				"method": "GET",
				"header": [],
				"url": {
					"raw": "https://api.tyntec.com/chat-api/{{apiVersion}}/media/{{mediaId}}",
					"protocol": "https",
					"host": [
						"api",
						"tyntec",
						"com"
					],
					"path": [
						"chat-api",
						"{{apiVersion}}",
						"media",
						"{{mediaId}}"
					]
				}
			},
			"response": []
		}
	],
	"auth": {
		"type": "apikey",
		"apikey": [
			{
				"key": "key",
				"value": "apikey",
				"type": "string"
			},
			{
				"key": "value",
				"value": "{{apikey}}",
				"type": "string"
			}
		]
	},
	"event": [
		{
			"listen": "prerequest",
			"script": {
				"id": "1bcc5c29-d5c6-4e28-84f4-f7d114100d3d",
				"type": "text/javascript",
				"exec": [
					""
				]
			}
		},
		{
			"listen": "test",
			"script": {
				"id": "14b4839b-ca77-4b82-84b3-068b118d5a80",
				"type": "text/javascript",
				"exec": [
					""
				]
			}
		}
	],
	"variable": [
		{
			"id": "71181063-d20e-4389-9595-4ceeb36feffe",
			"key": "apiVersion",
			"value": "v2",
			"type": "string"
		},
		{
			"id": "7c4c8703-cbf5-4c57-aa31-2b044a6861b4",
			"key": "baseUrl",
			"value": "https://api.tyntec.com",
			"type": "string"
		}
	]
}