{
	"id": "b91d465f-0354-40fd-9bb0-e2a708a546d3",
	"name": "Chat API",
	"values": [
		{
			"key": "apikey",
			"value": "your apikey",
			"enabled": true
		},
		{
			"key": "toPhoneNumber",
			"value": "the msisdn of the receiver",
			"enabled": true
		},
		{
			"key": "whatsappPhoneNumber",
			"value": "account id of whtasapp",
			"enabled": true
		},
		{
			"key": "viberServiceId",
			"value": "Your Viber Service Id",
			"enabled": true
		},
		{
			"key": "smsPhoneNumber",
			"value": "sender_number for sms",
			"enabled": true
		},
		{
			"key": "messageId",
			"value": "message id to get status for",
			"enabled": true
		},
		{
			"key": "mediaId",
			"value": "Id of the media to download",
			"enabled": true
		},
		{
			"key": "whatsappGroupId",
			"value": "Group id of a previously created group\n",
			"enabled": true
		},
		{
			"key": "participantId",
			"value": "The id of the group participant to modify",
			"enabled": true
		},
		{
			"key": "whatsAppAccountId",
			"value": "The account id of your account",
			"enabled": true
		},
		{
			"key": "whatsAppTemplateName",
			"value": "The name of the template",
			"enabled": true
		}
	],
	"_postman_variable_scope": "environment",
	"_postman_exported_at": "2020-10-19T21:32:08.679Z",
	"_postman_exported_using": "Postman/7.34.0"
}