{
	"info": {
		"_postman_id": "cb0ce5af-a0bb-4ccd-9e60-5a5aedf7657a",
		"name": "Chat API V2.11",
		"description": "This postman collection gives you easy access to tyntecs Chat API.\n\nThe official documentation is available at https://api.tyntec.com/reference/#chat-api.",
		"schema": "https://schema.getpostman.com/json/collection/v2.1.0/collection.json"
	},
	"item": [
		{
			"name": "Viber Messages",
			"item": [
				{
					"name": "Send Viber Text Message",
					"request": {
						"method": "POST",
						"header": [
							{
								"key": "Content-Type",
								"name": "Content-Type",
								"type": "text",
								"value": "application/json"
							}
						],
						"body": {
							"mode": "raw",
							"raw": "{\r\n  \"to\": \"{{toPhoneNumber}}\",\r\n  \"channels\": [\r\n    \"viber\"\r\n  ],\r\n  \"viber\": {\r\n    \"from\": \"{{viberServiceId}}\",\r\n    \"components\": [\r\n      {\r\n        \"type\": \"text\",\r\n        \"text\": \"hi!\"\r\n      }\r\n    ]\r\n  }\r\n}"
						},
						"url": {
							"raw": "https://api.tyntec.com/chat-api/{{apiVersion}}/messages",
							"protocol": "https",
							"host": [
								"api",
								"tyntec",
								"com"
							],
							"path": [
								"chat-api",
								"{{apiVersion}}",
								"messages"
							]
						}
					},
					"response": []
				},
				{
					"name": "Send Viber Image Message",
					"request": {
						"method": "POST",
						"header": [
							{
								"key": "Content-Type",
								"name": "Content-Type",
								"type": "text",
								"value": "application/json"
							}
						],
						"body": {
							"mode": "raw",
							"raw": "{\r\n  \"to\": \"{{toPhoneNumber}}\",\r\n  \"channels\": [\r\n    \"viber\"\r\n  ],\r\n  \"viber\": {\r\n    \"from\": \"{{viberServiceId}}\",\r\n    \"components\": [\r\n      {\r\n\t\t\"type\": \"image\",\r\n\t\t\"image\": {\r\n\t\t\t\"url\": \"https://www.tyntec.com/themes/custom/tyntec/image/tyntec-logo-color.png\"\r\n\t\t}\r\n\t  }\r\n    ]\r\n  }\r\n}"
						},
						"url": {
							"raw": "https://api.tyntec.com/chat-api/{{apiVersion}}/messages",
							"protocol": "https",
							"host": [
								"api",
								"tyntec",
								"com"
							],
							"path": [
								"chat-api",
								"{{apiVersion}}",
								"messages"
							]
						}
					},
					"response": []
				},
				{
					"name": "Send Viber Text & Button Message",
					"request": {
						"method": "POST",
						"header": [
							{
								"key": "Content-Type",
								"name": "Content-Type",
								"type": "text",
								"value": "application/json"
							}
						],
						"body": {
							"mode": "raw",
							"raw": "{\r\n  \"to\": \"{{toPhoneNumber}}\",\r\n  \"channels\": [\r\n    \"viber\"\r\n  ],\r\n  \"viber\": {\r\n    \"from\": \"{{viberServiceId}}\",\r\n    \"components\": [\r\n      {\r\n\t\t\"type\": \"text\",\r\n\t\t\"text\": \"Do you want to know more?\"\r\n\t  },\r\n\t  {\r\n\t\t\"type\": \"button\",\r\n\t\t\"button\": {\r\n\t\t\t\"caption\": \"F.A.Q.\",\r\n\t\t\t\"callback\": \"https://www.tyntec.com/docs/docs-center-faqs-overview\"\r\n\t\t}\r\n\t  }\r\n    ]\r\n  }\r\n}"
						},
						"url": {
							"raw": "https://api.tyntec.com/chat-api/{{apiVersion}}/messages",
							"protocol": "https",
							"host": [
								"api",
								"tyntec",
								"com"
							],
							"path": [
								"chat-api",
								"{{apiVersion}}",
								"messages"
							]
						}
					},
					"response": []
				},
				{
					"name": "Send Viber Text & Image & Button Message",
					"request": {
						"method": "POST",
						"header": [
							{
								"key": "Content-Type",
								"name": "Content-Type",
								"type": "text",
								"value": "application/json"
							}
						],
						"body": {
							"mode": "raw",
							"raw": "{\r\n  \"to\": \"{{toPhoneNumber}}\",\r\n  \"channels\": [\r\n    \"viber\"\r\n  ],\r\n  \"viber\": {\r\n    \"from\": \"{{viberServiceId}}\",\r\n    \"components\": [\r\n      {\r\n\t\t\"type\": \"text\",\r\n\t\t\"text\": \"Do you want to know more?\"\r\n\t  },\r\n\t  { \r\n\t  \t\"type\": \"image\",\r\n\t\t\"image\": {\r\n\t\t\t\"url\": \"https://www.tyntec.com/themes/custom/tyntec/image/tyntec-logo-color.png\"\r\n\t\t}\r\n\t  },\r\n\t  {\r\n\t\t\"type\": \"button\",\r\n\t\t\"button\": {\r\n\t\t\t\"caption\": \"F.A.Q.\",\r\n\t\t\t\"callback\": \"https://www.tyntec.com/docs/docs-center-faqs-overview\"\r\n\t\t}\r\n\t  }\r\n    ]\r\n  }\r\n}"
						},
						"url": {
							"raw": "https://api.tyntec.com/chat-api/{{apiVersion}}/messages",
							"protocol": "https",
							"host": [
								"api",
								"tyntec",
								"com"
							],
							"path": [
								"chat-api",
								"{{apiVersion}}",
								"messages"
							]
						}
					},
					"response": []
				}
			],
			"event": [
				{
					"listen": "prerequest",
					"script": {
						"id": "b4c02db5-1611-4cd4-9e07-ed263476c473",
						"type": "text/javascript",
						"exec": [
							""
						]
					}
				},
				{
					"listen": "test",
					"script": {
						"id": "1414bf28-4327-404b-92bb-75e5089a9e99",
						"type": "text/javascript",
						"exec": [
							""
						]
					}
				}
			],
			"protocolProfileBehavior": {}
		},
		{
			"name": "SMS Messages",
			"item": [
				{
					"name": "Send SMS Message",
					"request": {
						"method": "POST",
						"header": [
							{
								"key": "Content-Type",
								"name": "Content-Type",
								"type": "text",
								"value": "application/json"
							}
						],
						"body": {
							"mode": "raw",
							"raw": "{\n \"to\": \"{{toPhoneNumber}}\", \n \"channels\": [\"sms\"], \n \"sms\": {\n \t\"from\": \"{{smsPhoneNumber}}\",\n \t\"text\" : \"Aloha 👋� from the postman environement!\",\n \t\"contentType\":\"text\"\n }\n}"
						},
						"url": {
							"raw": "https://api.tyntec.com/chat-api/{{apiVersion}}/messages",
							"protocol": "https",
							"host": [
								"api",
								"tyntec",
								"com"
							],
							"path": [
								"chat-api",
								"{{apiVersion}}",
								"messages"
							]
						}
					},
					"response": []
				}
			],
			"event": [
				{
					"listen": "prerequest",
					"script": {
						"id": "30ed8b20-69a9-4892-a44a-f86cd97c4598",
						"type": "text/javascript",
						"exec": [
							""
						]
					}
				},
				{
					"listen": "test",
					"script": {
						"id": "2c6ab6ba-69b3-4f02-a668-7f48b965dc22",
						"type": "text/javascript",
						"exec": [
							""
						]
					}
				}
			],
			"protocolProfileBehavior": {}
		},
		{
			"name": "Channel selection",
			"item": [
				{
					"name": "Send Whatsapp Message with SMS Fallback",
					"request": {
						"method": "POST",
						"header": [
							{
								"key": "Content-Type",
								"name": "Content-Type",
								"type": "text",
								"value": "application/json"
							}
						],
						"body": {
							"mode": "raw",
							"raw": "{\n \"to\": \"{{toPhoneNumber}}\", \n \"channels\": [\"whatsapp\", \"sms\"], \n \"sms\": {\n \t\"from\": \"{{smsPhoneNumber}}\",\n \t\"text\" : \"Hi there! This is a message using sms as fallback channel\",\n \t\"contentType\":\"text\"\n }, \n \"whatsapp\": {\n \t\"from\" :\"{{whatsappPhoneNumber}}\",\n \t\"text\" : \"Hi there! This is a message using whatsapp or sms channel\",\n \t\"contentType\":\"text\"\n }\n}"
						},
						"url": {
							"raw": "https://api.tyntec.com/chat-api/{{apiVersion}}/messages",
							"protocol": "https",
							"host": [
								"api",
								"tyntec",
								"com"
							],
							"path": [
								"chat-api",
								"{{apiVersion}}",
								"messages"
							]
						}
					},
					"response": []
				},
				{
					"name": "Specify different senders for the same message",
					"request": {
						"method": "POST",
						"header": [
							{
								"key": "Content-Type",
								"name": "Content-Type",
								"type": "text",
								"value": "application/json"
							}
						],
						"body": {
							"mode": "raw",
							"raw": "{\n \"to\": \"{{toPhoneNumber}}\", \n \"channels\": [\"whatsapp\", \"sms\"], \n \"sms\": {\n \t\"from\": \"{{smsPhoneNumber}}\",\n \t\"text\" : \"Hi there! This is a message using sms as fallback channel with a different sender\",\n \t\"contentType\":\"text\" \t\n }, \n \"whatsapp\": {\n \t\"from\" :\"{{whatsappPhoneNumber}}\",\n \t\"text\" : \"Hi there! This is a message using sms as fallback channel with a different sender\",\n \t\"contentType\":\"text\" \t\n }\n}"
						},
						"url": {
							"raw": "https://api.tyntec.com/chat-api/{{apiVersion}}/messages",
							"protocol": "https",
							"host": [
								"api",
								"tyntec",
								"com"
							],
							"path": [
								"chat-api",
								"{{apiVersion}}",
								"messages"
							]
						}
					},
					"response": []
				}
			],
			"event": [
				{
					"listen": "prerequest",
					"script": {
						"id": "1da29b38-1918-4d8b-8399-3184a0cd15ad",
						"type": "text/javascript",
						"exec": [
							""
						]
					}
				},
				{
					"listen": "test",
					"script": {
						"id": "a73f7a53-749e-4c64-ad99-84240384e62d",
						"type": "text/javascript",
						"exec": [
							""
						]
					}
				}
			],
			"protocolProfileBehavior": {}
		},
		{
			"name": "Customized requests",
			"item": [
				{
					"name": "Send Whatsapp Text Message with userContext",
					"request": {
						"method": "POST",
						"header": [
							{
								"key": "Content-Type",
								"name": "Content-Type",
								"type": "text",
								"value": "application/json"
							}
						],
						"body": {
							"mode": "raw",
							"raw": "{\n\"to\": \"{{toPhoneNumber}}\", \n \"channels\": [\"whatsapp\"],\n \"whatsapp\": {\n \t\"from\" : \"{{whatsappPhoneNumber}}\",\n \t\"text\" : \"test message\",\n \t\"contentType\":\"text\"\n },\n \"context\" : {\n \t\"userContext\" : \"This is an example context. it will be returned on the message status events\"\n }\n}"
						},
						"url": {
							"raw": "https://api.tyntec.com/chat-api/{{apiVersion}}/messages",
							"protocol": "https",
							"host": [
								"api",
								"tyntec",
								"com"
							],
							"path": [
								"chat-api",
								"{{apiVersion}}",
								"messages"
							]
						}
					},
					"response": []
				},
				{
					"name": "Send Whatsapp Text Message with callback URL override",
					"request": {
						"method": "POST",
						"header": [
							{
								"key": "Content-Type",
								"name": "Content-Type",
								"type": "text",
								"value": "application/json"
							}
						],
						"body": {
							"mode": "raw",
							"raw": "{\n\"to\": \"{{toPhoneNumber}}\", \n \"channels\": [\"whatsapp\"],\n \"whatsapp\": {\n \t\"from\" : \"{{whatsappPhoneNumber}}\",\n \t\"text\" : \"The MessageStatus is send to https://requestbin.com/r/enxtlfh2qo5q\",\n \t\"contentType\":\"text\"\n },\n \"overrides\" : {\n \t\"notificationCallbackUrl\" : \"https://en4rxvksl6cdc.x.pipedream.net\"\n }\n}"
						},
						"url": {
							"raw": "https://api.tyntec.com/chat-api/{{apiVersion}}/messages",
							"protocol": "https",
							"host": [
								"api",
								"tyntec",
								"com"
							],
							"path": [
								"chat-api",
								"{{apiVersion}}",
								"messages"
							]
						}
					},
					"response": []
				},
				{
					"name": "Send Bulk messages",
					"request": {
						"method": "POST",
						"header": [
							{
								"key": "Content-Type",
								"name": "Content-Type",
								"type": "text",
								"value": "application/json"
							}
						],
						"body": {
							"mode": "raw",
							"raw": "{\n    \"from\"  : \"{{whatsappPhoneNumber}}\",\n    \"to\" : \"{{toPhoneNumber}}\",\n    \"channel\"  : \"whatsapp\",\n    \"whatsapp\" : [\n        {\"contentType\" : \"text\", \"text\": \"Hi! I'm the first bulk message\"}, \n\t\t{\"contentType\" : \"location\", \"location\" : {\"longitude\" : 0.1, \"latitude\" : 0.2}, \"name\" : \"with location\"},\n\t\t {\"media\" : {\n \t  \t\t\"type\" : \"image\",\n \t  \t\t\"url\" : \"https://www.pngitem.com/pimgs/m/185-1850014_free-sample-hd-png-download.png\",\n\t   \t\t\"caption\" : \"and media\"\n \t\t}, \"contentType\":\"media\"},\n\t\t {\n\t\t\t \"template\" : {\n \t\t\"templateId\": \"event_review\",\n \t\t\"language\": {\n \t\t\t\"policy\": \"deterministic\",\n \t\t\t\"code\": \"en\"\n \t\t},\n \t\t\"components\" : [\n \t\t\t{\"type\": \"header\",\n \t\t\t\t\"parameters\" : [ {\"type\" : \"media\",\n \t\t\t\t\t\"media\" : {\"url\" : \"https://www.pngitem.com/pimgs/m/185-1850014_free-sample-hd-png-download.png\", \"type\" :\"image\"}\n \t\t\t\t}]\n \t\t\t},\n \t\t\t{\"type\" : \"body\",\n \t\t\t\t\"parameters\" : [\n \t\t\t\t\t{\"type\" :\"text\", \"text\" : \"Peter\"},\n\t\t\t\t\t {\"type\" :\"text\", \"text\" : \"bulk message example\"},\n\t\t\t\t\t {\"type\" :\"text\", \"text\" : \"today\"}\n \t\t\t\t]\n \t\t\t}\n \t\t\t]\n \t\t\t \n \t\t\t\n \t},\n \t\"contentType\":\"template\"\n\t\t }\n    ]\n}"
						},
						"url": {
							"raw": "https://api.tyntec.com/chat-api/{{apiVersion}}/bulks",
							"protocol": "https",
							"host": [
								"api",
								"tyntec",
								"com"
							],
							"path": [
								"chat-api",
								"{{apiVersion}}",
								"bulks"
							]
						}
					},
					"response": []
				}
			],
			"protocolProfileBehavior": {}
		},
		{
			"name": "WhatsApp",
			"item": [
				{
					"name": "Send Messages",
					"item": [
						{
							"name": "Send Whatsapp Template Message",
							"request": {
								"method": "POST",
								"header": [
									{
										"key": "Content-Type",
										"name": "Content-Type",
										"type": "text",
										"value": "application/json"
									}
								],
								"body": {
									"mode": "raw",
									"raw": "{\n \"to\": \"{{toPhoneNumber}}\", \n \"channels\": [\"whatsapp\"],\n \"whatsapp\": {\n \t\"from\" : \"{{whatsappPhoneNumber}}\",\n \t\"template\" : {\n \t\t\"templateId\": \"account_upgrade\",\n \t\t\"language\": {\n \t\t\t\"policy\": \"deterministic\",\n \t\t\t\"code\": \"en\"\n \t\t},\n \t\t\"components\" : [\n \t\t\t{\"type\" : \"header\",\n \t\t\t\"parameters\" :[{\n \t\t\t\t\"type\": \"text\",\n \t\t\t\t\"text\" : \"Demo\"\n \t\t\t}]\n \t\t\t},\n \t\t\t{\"type\": \"body\",\n \t\t\t\t\"parameters\": [{\"type\":\"text\", \"text\" : \"Peter\"}, {\"type\":\"text\", \"text\" : \"Demo\"}]\n \t\t\t}\n \t\t\t]\n \t\t\t \n \t\t\t\n \t},\n \t\"contentType\":\"template\"\n }\n}"
								},
								"url": {
									"raw": "https://api.tyntec.com/chat-api/{{apiVersion}}/messages",
									"protocol": "https",
									"host": [
										"api",
										"tyntec",
										"com"
									],
									"path": [
										"chat-api",
										"{{apiVersion}}",
										"messages"
									]
								}
							},
							"response": []
						},
						{
							"name": "Send Whatsapp Rich Media Notification (Text)",
							"request": {
								"method": "POST",
								"header": [
									{
										"key": "Content-Type",
										"name": "Content-Type",
										"type": "text",
										"value": "application/json"
									}
								],
								"body": {
									"mode": "raw",
									"raw": "{\n \"to\": \"{{toPhoneNumber}}\", \n \"channels\": [\"whatsapp\"],\n \"whatsapp\": {\n \t\"from\" : \"{{whatsappPhoneNumber}}\",\n \t\"template\" : {\n \t\t\"templateId\": \"account_upgrade\",\n \t\t\"language\": {\n \t\t\t\"policy\": \"deterministic\",\n \t\t\t\"code\": \"en\"\n \t\t},\n \t\t\"components\" : [\n \t\t\t{\"type\" : \"header\",\n \t\t\t\"parameters\" :[{\n \t\t\t\t\"type\": \"text\",\n \t\t\t\t\"text\" : \"Demo\"\n \t\t\t}]\n \t\t\t},\n \t\t\t{\"type\": \"body\",\n \t\t\t\t\"parameters\": [{\"type\":\"text\", \"text\" : \"Peter\"}, {\"type\":\"text\", \"text\" : \"Demo\"}, {\"type\":\"text\", \"text\" : \"Demo\"}]\n \t\t\t}\n \t\t\t]\n \t\t\t \n \t\t\t\n \t},\n \t\"contentType\":\"template\"\n }\n}"
								},
								"url": {
									"raw": "https://api.tyntec.com/chat-api/{{apiVersion}}/messages",
									"protocol": "https",
									"host": [
										"api",
										"tyntec",
										"com"
									],
									"path": [
										"chat-api",
										"{{apiVersion}}",
										"messages"
									]
								}
							},
							"response": []
						},
						{
							"name": "Send Whatsapp Rich Media Notification (Image)",
							"request": {
								"method": "POST",
								"header": [
									{
										"key": "Content-Type",
										"name": "Content-Type",
										"type": "text",
										"value": "application/json"
									}
								],
								"body": {
									"mode": "raw",
									"raw": "{\n \"to\": \"{{toPhoneNumber}}\", \n \"channels\": [\"whatsapp\"],\n \"whatsapp\": {\n \t\"from\" : \"{{whatsappPhoneNumber}}\",\n \t\"template\" : {\n \t\t\"templateId\": \"2fa_qr_code\",\n \t\t\"language\": {\n \t\t\t\"policy\": \"deterministic\",\n \t\t\t\"code\": \"en\"\n \t\t},\n \t\t\"components\" : [\n \t\t\t{\"type\": \"header\",\n \t\t\t\t\"parameters\" : [ {\"type\" : \"media\",\n \t\t\t\t\t\"media\" : {\"url\" : \"https://upload.wikimedia.org/wikipedia/commons/6/6c/Sample_EPC_QR_code.png\", \"type\" :\"image\"}\n \t\t\t\t}]\n \t\t\t},\n \t\t\t{\"type\" : \"body\",\n \t\t\t\t\"parameters\" : [\n \t\t\t\t\t{\"type\" :\"text\", \"text\" : \"Peter\"}\n \t\t\t\t]\n \t\t\t}\n \t\t\t]\n \t\t\t \n \t\t\t\n \t},\n \t\"contentType\":\"template\"\n }\n}"
								},
								"url": {
									"raw": "https://api.tyntec.com/chat-api/{{apiVersion}}/messages",
									"protocol": "https",
									"host": [
										"api",
										"tyntec",
										"com"
									],
									"path": [
										"chat-api",
										"{{apiVersion}}",
										"messages"
									]
								}
							},
							"response": []
						},
						{
							"name": "Send Whatsapp Rich Media Notification (Document)",
							"request": {
								"method": "POST",
								"header": [
									{
										"key": "Content-Type",
										"name": "Content-Type",
										"type": "text",
										"value": "application/json"
									}
								],
								"body": {
									"mode": "raw",
									"raw": "{\n \"to\": \"{{toPhoneNumber}}\", \n \"channels\": [\"whatsapp\"],\n \"whatsapp\": {\n \t\"from\" : \"{{whatsappPhoneNumber}}\",\n \t\"template\" : {\n \t\t\"templateId\": \"checkin_voucher\",\n \t\t\"language\": {\n \t\t\t\"policy\": \"deterministic\",\n \t\t\t\"code\": \"en\"\n \t\t},\n \t\t\"components\" : [\n \t\t\t{\"type\": \"header\",\n \t\t\t\t\"parameters\" : [ {\"type\" : \"media\",\n \t\t\t\t\t\"media\" : {\n \t\t\t\t\t\t\"url\" : \"https://www.tyntec.com/sites/default/files/uploads/1608_tyntec_CorporateBackground.pdf\", \n \t\t\t\t\t\t\"type\" :\"document\",\n \t\t\t\t\t\t\"filename\" : \"tyntec background\"\n \t\t\t\t\t\t\n \t\t\t\t\t}\n \t\t\t\t}]\n \t\t\t},\n \t\t\t{\"type\" : \"body\",\n \t\t\t\t\"parameters\" : [\n \t\t\t\t\t{\"type\" :\"text\", \"text\" : \"Peter\"},\n \t\t\t\t\t{\"type\" :\"text\", \"text\" : \"tyntec 5 stars\"}\n \t\t\t\t]\n \t\t\t}\n \t\t\t]\n \t\t\t \n \t\t\t\n \t},\n \t\"contentType\":\"template\"\n }\n}"
								},
								"url": {
									"raw": "https://api.tyntec.com/chat-api/{{apiVersion}}/messages",
									"protocol": "https",
									"host": [
										"api",
										"tyntec",
										"com"
									],
									"path": [
										"chat-api",
										"{{apiVersion}}",
										"messages"
									]
								}
							},
							"response": []
						},
						{
							"name": "Send Whatsapp Rich Media Notification (Video)",
							"request": {
								"method": "POST",
								"header": [
									{
										"key": "Content-Type",
										"name": "Content-Type",
										"type": "text",
										"value": "application/json"
									}
								],
								"body": {
									"mode": "raw",
									"raw": "{\n \"to\": \"{{toPhoneNumber}}\", \n \"channels\": [\"whatsapp\"],\n \"whatsapp\": {\n \t\"from\" : \"{{whatsappPhoneNumber}}\",\n \t\"template\" : {\n \t\t\"templateId\": \"surveilance_alert\",\n \t\t\"language\": {\n \t\t\t\"policy\": \"deterministic\",\n \t\t\t\"code\": \"en\"\n \t\t},\n \t\t\"components\" : [\n \t\t\t{\"type\": \"header\",\n \t\t\t\t\"parameters\" : [ {\"type\" : \"media\",\n \t\t\t\t\t\"media\" : {\n \t\t\t\t\t\t\"url\" : \"http://techslides.com/demos/sample-videos/small.mp4\", \n \t\t\t\t\t\t\"type\" :\"video\"\n \t\t\t\t\t\t\n \t\t\t\t\t}\n \t\t\t\t}]\n \t\t\t},\n \t\t\t{\"type\" : \"body\",\n \t\t\t\t\"parameters\" : [\n \t\t\t\t\t{\"type\" :\"text\", \"text\" : \"Peter\"},\n \t\t\t\t\t{\"type\" :\"text\", \"text\" : \"2020-04-30 15:30\"},\n \t\t\t\t\t{\"type\" :\"text\", \"text\" : \"Office Building No. 1 - Floor 2 - Main Entrance\"}\n \t\t\t\t]\n \t\t\t}\n \t\t\t]\n \t\t\t \n \t\t\t\n \t},\n \t\"contentType\":\"template\"\n }\n}"
								},
								"url": {
									"raw": "https://api.tyntec.com/chat-api/{{apiVersion}}/messages",
									"protocol": "https",
									"host": [
										"api",
										"tyntec",
										"com"
									],
									"path": [
										"chat-api",
										"{{apiVersion}}",
										"messages"
									]
								}
							},
							"response": []
						},
						{
							"name": "Send Whatsapp Text Message",
							"request": {
								"method": "POST",
								"header": [
									{
										"key": "Content-Type",
										"name": "Content-Type",
										"type": "text",
										"value": "application/json"
									}
								],
								"body": {
									"mode": "raw",
									"raw": "{\n\"to\": \"{{toPhoneNumber}}\", \n \"channels\": [\"whatsapp\"],\n \"whatsapp\": {\n \t\"from\" : \"{{whatsappPhoneNumber}}\",\n \t\"text\" : \"test message\",\n \t\"contentType\":\"text\"\n }\n}"
								},
								"url": {
									"raw": "https://api.tyntec.com/chat-api/{{apiVersion}}/messages",
									"protocol": "https",
									"host": [
										"api",
										"tyntec",
										"com"
									],
									"path": [
										"chat-api",
										"{{apiVersion}}",
										"messages"
									]
								}
							},
							"response": []
						},
						{
							"name": "Send Whatsapp Location Message",
							"request": {
								"method": "POST",
								"header": [
									{
										"key": "Content-Type",
										"name": "Content-Type",
										"type": "text",
										"value": "application/json"
									}
								],
								"body": {
									"mode": "raw",
									"raw": "{\n \"to\": \"{{toPhoneNumber}}\", \n \"channels\": [\"whatsapp\"],\n \"whatsapp\": {\n \t\"from\" : \"{{whatsappPhoneNumber}}\",\n \t\"location\" : {\n \t\t\"longitude\" : 7.4954884,\n \t\t\"latitude\" : 51.5005765,\n \t\t\"name\" : \"tyntec GmbH\",\n \t\t\"address\" : \"tyntec GmbH, Semerteichstraße, Dortmund\"\n \t},\n \t\"contentType\":\"location\"\n }\n}"
								},
								"url": {
									"raw": "https://api.tyntec.com/chat-api/{{apiVersion}}/messages",
									"protocol": "https",
									"host": [
										"api",
										"tyntec",
										"com"
									],
									"path": [
										"chat-api",
										"{{apiVersion}}",
										"messages"
									]
								}
							},
							"response": []
						},
						{
							"name": "Send Document",
							"request": {
								"method": "POST",
								"header": [
									{
										"key": "Content-Type",
										"name": "Content-Type",
										"value": "application/json",
										"type": "text"
									}
								],
								"body": {
									"mode": "raw",
									"raw": "{\n \"to\": \"{{toPhoneNumber}}\", \n \"channels\": [\"whatsapp\"],\n \"whatsapp\": {\n \t\"from\" : \"{{whatsappPhoneNumber}}\",\n \t\"media\" : {\n \t  \"type\" : \"document\",\n \t  \"url\" : \"https://www.tyntec.com/sites/default/files/uploads/1608_tyntec_CorporateBackground.pdf\",\n \t  \"caption\" : \"tyntec corporate background\"\n \t},\n \t\"contentType\":\"media\"\n }\n}"
								},
								"url": {
									"raw": "https://api.tyntec.com/chat-api/{{apiVersion}}/messages",
									"protocol": "https",
									"host": [
										"api",
										"tyntec",
										"com"
									],
									"path": [
										"chat-api",
										"{{apiVersion}}",
										"messages"
									]
								}
							},
							"response": []
						},
						{
							"name": "Send Contact",
							"request": {
								"method": "POST",
								"header": [
									{
										"key": "Content-Type",
										"name": "Content-Type",
										"value": "application/json",
										"type": "text"
									}
								],
								"body": {
									"mode": "raw",
									"raw": "{\n \"to\": \"{{toPhoneNumber}}\", \n \"channels\": [\"whatsapp\"],\n \"whatsapp\": {\n \t\"from\" : \"{{whatsappPhoneNumber}}\",\n \t\"contacts\" : [{\n \t\t\"addresses\": [\n        \t{\n            \t\"city\": \"Munich\",\n                \"country\": \"Germany\",\n                \"country_code\": \"DE\",\n                \"street\": \"Hofmannstrasse 25-27\",\n                \"type\": \"WORK\",\n                \"zip\": \"81379\"\n        \t}\n        ],\n        \"name\": {\n            \"formatted_name\": \"tyntec GmbH Demo\",\n            \"last_name\": \"Your last name\"\n        }\t\n \t}],\n \t\"contentType\":\"contacts\"\n }\n}"
								},
								"url": {
									"raw": "https://api.tyntec.com/chat-api/{{apiVersion}}/messages",
									"protocol": "https",
									"host": [
										"api",
										"tyntec",
										"com"
									],
									"path": [
										"chat-api",
										"{{apiVersion}}",
										"messages"
									]
								}
							},
							"response": []
						},
						{
							"name": "Send Image",
							"request": {
								"method": "POST",
								"header": [
									{
										"key": "Content-Type",
										"name": "Content-Type",
										"value": "application/json",
										"type": "text"
									}
								],
								"body": {
									"mode": "raw",
									"raw": "{\n \"to\": \"{{toPhoneNumber}}\", \n \"channels\": [\"whatsapp\"],\n \"whatsapp\": {\n \t\"from\" : \"{{whatsappPhoneNumber}}\",\n \t\"media\" : {\n \t  \"type\" : \"image\",\n \t  \"url\" : \"https://yokoent.com/images/crowd-png-2.png\"\n \t},\n \t\"contentType\":\"media\"\n }\n}"
								},
								"url": {
									"raw": "https://api.tyntec.com/chat-api/{{apiVersion}}/messages",
									"protocol": "https",
									"host": [
										"api",
										"tyntec",
										"com"
									],
									"path": [
										"chat-api",
										"{{apiVersion}}",
										"messages"
									]
								}
							},
							"response": []
						},
						{
							"name": "Send Video",
							"request": {
								"method": "POST",
								"header": [
									{
										"key": "Content-Type",
										"name": "Content-Type",
										"value": "application/json",
										"type": "text"
									}
								],
								"body": {
									"mode": "raw",
									"raw": "{\n \"to\": \"{{toPhoneNumber}}\", \n \"channels\": [\"whatsapp\"],\n \"whatsapp\": {\n \t\"from\" : \"{{whatsappPhoneNumber}}\",\n \t\"media\" : {\n \t  \"type\" : \"image\",\n \t  \"url\" : \"https://yokoent.com/images/crowd-png-2.png\"\n \t},\n \t\"contentType\":\"media\"\n }\n}"
								},
								"url": {
									"raw": "https://api.tyntec.com/chat-api/{{apiVersion}}/messages",
									"protocol": "https",
									"host": [
										"api",
										"tyntec",
										"com"
									],
									"path": [
										"chat-api",
										"{{apiVersion}}",
										"messages"
									]
								}
							},
							"response": []
						}
					],
					"protocolProfileBehavior": {},
					"_postman_isSubFolder": true
				},
				{
					"name": "Profile Management",
					"item": [
						{
							"name": "Get Profile",
							"request": {
								"method": "GET",
								"header": [],
								"url": {
									"raw": "https://api.tyntec.com/chat-api/{{apiVersion}}/channels/whatsapp/phone-numbers/{{whatsappPhoneNumber}}/settings/profile",
									"protocol": "https",
									"host": [
										"api",
										"tyntec",
										"com"
									],
									"path": [
										"chat-api",
										"{{apiVersion}}",
										"channels",
										"whatsapp",
										"phone-numbers",
										"{{whatsappPhoneNumber}}",
										"settings",
										"profile"
									]
								}
							},
							"response": []
						},
						{
							"name": "Update Complete Profile",
							"request": {
								"method": "PATCH",
								"header": [
									{
										"key": "Content-Type",
										"name": "Content-Type",
										"value": "application/json",
										"type": "text"
									}
								],
								"body": {
									"mode": "raw",
									"raw": "{\r\n    \"address\": \"<<address>>\",\r\n    \"description\": \"<<description>>\",\r\n    \"email\": \"<<email>>\",\r\n    \"vertical\": \"<<vertical>>\",\r\n    \"websites\": [\r\n        \"<<website>>\"\r\n    ],\r\n    \"about\": \"<<about>>\"\r\n}",
									"options": {
										"raw": {
											"language": "json"
										}
									}
								},
								"url": {
									"raw": "https://api.tyntec.com/chat-api/{{apiVersion}}/channels/whatsapp/phone-numbers/{{whatsappPhoneNumber}}/settings/profile",
									"protocol": "https",
									"host": [
										"api",
										"tyntec",
										"com"
									],
									"path": [
										"chat-api",
										"{{apiVersion}}",
										"channels",
										"whatsapp",
										"phone-numbers",
										"{{whatsappPhoneNumber}}",
										"settings",
										"profile"
									]
								}
							},
							"response": []
						},
						{
							"name": "Update Partial Profile Copy",
							"request": {
								"method": "PATCH",
								"header": [
									{
										"key": "Content-Type",
										"name": "Content-Type",
										"type": "text",
										"value": "application/json"
									}
								],
								"body": {
									"mode": "raw",
									"raw": "{\r\n    \"address\": \"<<address>>\",\r\n    \"description\": \"<<description>>\",\r\n    \"email\": \"<<email>>\",\r\n    \"about\": \"<<about>>\"\r\n}",
									"options": {
										"raw": {
											"language": "json"
										}
									}
								},
								"url": {
									"raw": "https://api.tyntec.com/chat-api/{{apiVersion}}/channels/whatsapp/phone-numbers/{{whatsappPhoneNumber}}/settings/profile",
									"protocol": "https",
									"host": [
										"api",
										"tyntec",
										"com"
									],
									"path": [
										"chat-api",
										"{{apiVersion}}",
										"channels",
										"whatsapp",
										"phone-numbers",
										"{{whatsappPhoneNumber}}",
										"settings",
										"profile"
									]
								}
							},
							"response": []
						},
						{
							"name": "Get Logo",
							"request": {
								"method": "GET",
								"header": [],
								"url": {
									"raw": "https://api.tyntec.com/chat-api/{{apiVersion}}/channels/whatsapp/phone-numbers/{{whatsappPhoneNumber}}/settings/logo",
									"protocol": "https",
									"host": [
										"api",
										"tyntec",
										"com"
									],
									"path": [
										"chat-api",
										"{{apiVersion}}",
										"channels",
										"whatsapp",
										"phone-numbers",
										"{{whatsappPhoneNumber}}",
										"settings",
										"logo"
									]
								}
							},
							"response": []
						},
						{
							"name": "Update Logo",
							"request": {
								"method": "PUT",
								"header": [],
								"url": {
									"raw": "https://api.tyntec.com/chat-api/{{apiVersion}}/channels/whatsapp/phone-numbers/{{whatsappPhoneNumber}}/settings/logo",
									"protocol": "https",
									"host": [
										"api",
										"tyntec",
										"com"
									],
									"path": [
										"chat-api",
										"{{apiVersion}}",
										"channels",
										"whatsapp",
										"phone-numbers",
										"{{whatsappPhoneNumber}}",
										"settings",
										"logo"
									]
								}
							},
							"response": []
						}
					],
					"protocolProfileBehavior": {},
					"_postman_isSubFolder": true
				},
				{
					"name": "Account Information",
					"item": [
						{
							"name": "Template Management",
							"item": [
								{
									"name": "Get one template",
									"request": {
										"method": "GET",
										"header": [],
										"url": {
											"raw": "https://api.tyntec.com/chat-api/{{apiVersion}}/channels/whatsapp/accounts/{{whatsAppAccountId}}/templates/{{whatsAppTemplateName}}",
											"protocol": "https",
											"host": [
												"api",
												"tyntec",
												"com"
											],
											"path": [
												"chat-api",
												"{{apiVersion}}",
												"channels",
												"whatsapp",
												"accounts",
												"{{whatsAppAccountId}}",
												"templates",
												"{{whatsAppTemplateName}}"
											]
										}
									},
									"response": []
								},
								{
									"name": "Get localizations of a template",
									"request": {
										"method": "GET",
										"header": [],
										"url": {
											"raw": "https://api.tyntec.com/chat-api/{{apiVersion}}/channels/whatsapp/accounts/{{whatsAppAccountId}}/templates/{{whatsAppTemplateName}}/localizations",
											"protocol": "https",
											"host": [
												"api",
												"tyntec",
												"com"
											],
											"path": [
												"chat-api",
												"{{apiVersion}}",
												"channels",
												"whatsapp",
												"accounts",
												"{{whatsAppAccountId}}",
												"templates",
												"{{whatsAppTemplateName}}",
												"localizations"
											]
										}
									},
									"response": []
								},
								{
									"name": "Add template",
									"request": {
										"method": "POST",
										"header": [
											{
												"key": "",
												"value": "",
												"type": "text",
												"disabled": true
											}
										],
										"body": {
											"mode": "raw",
											"raw": "{\r\n  \"name\": \"welcome_template2\",\r\n  \"category\": \"AUTO_REPLY\",\r\n  \"localizations\": [\r\n    {\r\n      \"language\": \"en\",\r\n      \"components\": [\r\n        {\r\n          \"type\": \"BODY\",\r\n          \"text\": \"hello {{1}}\"\r\n        }\r\n      ]\r\n    }\r\n  ]\r\n}",
											"options": {
												"raw": {
													"language": "json"
												}
											}
										},
										"url": {
											"raw": "https://api.tyntec.com/chat-api/{{apiVersion}}/channels/whatsapp/accounts/{{whatsAppAccountId}}/templates",
											"protocol": "https",
											"host": [
												"api",
												"tyntec",
												"com"
											],
											"path": [
												"chat-api",
												"{{apiVersion}}",
												"channels",
												"whatsapp",
												"accounts",
												"{{whatsAppAccountId}}",
												"templates"
											]
										}
									},
									"response": []
								},
								{
									"name": "Add localization to template",
									"request": {
										"method": "POST",
										"header": [
											{
												"key": "",
												"type": "text",
												"value": "",
												"disabled": true
											}
										],
										"body": {
											"mode": "raw",
											"raw": "    {\r\n      \"language\": \"de\",\r\n      \"components\": [\r\n        {\r\n          \"type\": \"BODY\",\r\n          \"text\": \"guten tag {{1}}\"\r\n        }\r\n      ]\r\n     }\r\n",
											"options": {
												"raw": {
													"language": "json"
												}
											}
										},
										"url": {
											"raw": "https://api.tyntec.com/chat-api/{{apiVersion}}/channels/whatsapp/accounts/{{whatsAppAccountId}}/templates/{{whatsAppTemplateName}}/localizations",
											"protocol": "https",
											"host": [
												"api",
												"tyntec",
												"com"
											],
											"path": [
												"chat-api",
												"{{apiVersion}}",
												"channels",
												"whatsapp",
												"accounts",
												"{{whatsAppAccountId}}",
												"templates",
												"{{whatsAppTemplateName}}",
												"localizations"
											]
										}
									},
									"response": []
								}
							],
							"protocolProfileBehavior": {},
							"_postman_isSubFolder": true
						},
						{
							"name": "List accounts",
							"request": {
								"method": "GET",
								"header": [
									{
										"warning": "This is a duplicate header and will be overridden by the apikey header generated by Postman.",
										"key": "apikey",
										"value": "{{apikey}}",
										"type": "text"
									}
								],
								"url": {
									"raw": "https://api.tyntec.com/chat-api/{{apiVersion}}/channels/whatsapp/accounts",
									"protocol": "https",
									"host": [
										"api",
										"tyntec",
										"com"
									],
									"path": [
										"chat-api",
										"{{apiVersion}}",
										"channels",
										"whatsapp",
										"accounts"
									]
								}
							},
							"response": []
						},
						{
							"name": "Find account for phone number",
							"request": {
								"method": "GET",
								"header": [
									{
										"key": "apikey",
										"type": "text",
										"value": "{{apikey}}",
										"warning": "This is a duplicate header and will be overridden by the apikey header generated by Postman."
									}
								],
								"url": {
									"raw": "https://api.tyntec.com/chat-api/{{apiVersion}}/channels/whatsapp/accounts?phoneNumber={{whatsappPhoneNumber}}",
									"protocol": "https",
									"host": [
										"api",
										"tyntec",
										"com"
									],
									"path": [
										"chat-api",
										"{{apiVersion}}",
										"channels",
										"whatsapp",
										"accounts"
									],
									"query": [
										{
											"key": "phoneNumber",
											"value": "{{whatsappPhoneNumber}}"
										}
									]
								}
							},
							"response": []
						},
						{
							"name": "List templates",
							"request": {
								"method": "GET",
								"header": [
									{
										"warning": "This is a duplicate header and will be overridden by the apikey header generated by Postman.",
										"key": "apikey",
										"value": "{{apikey}}",
										"type": "text"
									}
								],
								"url": {
									"raw": "https://api.tyntec.com/chat-api/{{apiVersion}}/channels/whatsapp/accounts/{{whatsAppAccountId}}/templates",
									"protocol": "https",
									"host": [
										"api",
										"tyntec",
										"com"
									],
									"path": [
										"chat-api",
										"{{apiVersion}}",
										"channels",
										"whatsapp",
										"accounts",
										"{{whatsAppAccountId}}",
										"templates"
									],
									"query": [
										{
											"key": "",
											"value": null,
											"disabled": true
										}
									]
								}
							},
							"response": []
						},
						{
							"name": "List phone numbers",
							"request": {
								"method": "GET",
								"header": [
									{
										"key": "apikey",
										"type": "text",
										"value": "{{apikey}}",
										"warning": "This is a duplicate header and will be overridden by the apikey header generated by Postman."
									}
								],
								"url": {
									"raw": "https://api.tyntec.com/chat-api/{{apiVersion}}/channels/whatsapp/accounts/{{whatsAppAccountId}}/phone-numbers",
									"protocol": "https",
									"host": [
										"api",
										"tyntec",
										"com"
									],
									"path": [
										"chat-api",
										"{{apiVersion}}",
										"channels",
										"whatsapp",
										"accounts",
										"{{whatsAppAccountId}}",
										"phone-numbers"
									],
									"query": [
										{
											"key": "",
											"value": null,
											"disabled": true
										}
									]
								}
							},
							"response": []
						}
					],
					"event": [
						{
							"listen": "prerequest",
							"script": {
								"id": "69cba8bd-2342-4ce6-b2ee-894d741ca0e1",
								"type": "text/javascript",
								"exec": [
									""
								]
							}
						},
						{
							"listen": "test",
							"script": {
								"id": "14b819d3-9db2-4ac9-85bd-58607766fc64",
								"type": "text/javascript",
								"exec": [
									""
								]
							}
						}
					],
					"protocolProfileBehavior": {},
					"_postman_isSubFolder": true
				},
				{
					"name": "Phone Number Information",
					"item": [
						{
							"name": "List phone numbers",
							"request": {
								"method": "GET",
								"header": [
									{
										"warning": "This is a duplicate header and will be overridden by the apikey header generated by Postman.",
										"key": "apikey",
										"value": "{{apikey}}",
										"type": "text"
									}
								],
								"url": {
									"raw": "https://api.tyntec.com/chat-api/{{apiVersion}}/channels/whatsapp/phone-numbers",
									"protocol": "https",
									"host": [
										"api",
										"tyntec",
										"com"
									],
									"path": [
										"chat-api",
										"{{apiVersion}}",
										"channels",
										"whatsapp",
										"phone-numbers"
									]
								}
							},
							"response": []
						},
						{
							"name": "Find one phone number",
							"request": {
								"method": "GET",
								"header": [
									{
										"key": "apikey",
										"type": "text",
										"value": "{{apikey}}",
										"warning": "This is a duplicate header and will be overridden by the apikey header generated by Postman."
									}
								],
								"url": {
									"raw": "https://api.tyntec.com/chat-api/{{apiVersion}}/channels/whatsapp/phone-numbers/{{whatsappPhoneNumber}}",
									"protocol": "https",
									"host": [
										"api",
										"tyntec",
										"com"
									],
									"path": [
										"chat-api",
										"{{apiVersion}}",
										"channels",
										"whatsapp",
										"phone-numbers",
										"{{whatsappPhoneNumber}}"
									]
								}
							},
							"response": []
						},
						{
							"name": "List templates available for the phone number",
							"request": {
								"method": "GET",
								"header": [
									{
										"key": "apikey",
										"type": "text",
										"value": "{{apikey}}",
										"warning": "This is a duplicate header and will be overridden by the apikey header generated by Postman."
									}
								],
								"url": {
									"raw": "https://api.tyntec.com/chat-api/{{apiVersion}}/channels/whatsapp/phone-numbers/{{whatsappPhoneNumber}}/templates",
									"protocol": "https",
									"host": [
										"api",
										"tyntec",
										"com"
									],
									"path": [
										"chat-api",
										"{{apiVersion}}",
										"channels",
										"whatsapp",
										"phone-numbers",
										"{{whatsappPhoneNumber}}",
										"templates"
									]
								}
							},
							"response": []
						}
					],
					"protocolProfileBehavior": {},
					"_postman_isSubFolder": true
				}
			],
			"protocolProfileBehavior": {}
		},
		{
			"name": "Application Management",
			"item": [
				{
					"name": "List all applications",
					"request": {
						"method": "GET",
						"header": [
							{
								"key": "Content-Type",
								"name": "Content-Type",
								"type": "text",
								"value": "application/json"
							}
						],
						"url": {
							"raw": "https://api.tyntec.com/chat-api/{{apiVersion}}/applications",
							"protocol": "https",
							"host": [
								"api",
								"tyntec",
								"com"
							],
							"path": [
								"chat-api",
								"{{apiVersion}}",
								"applications"
							]
						}
					},
					"response": []
				},
				{
					"name": "Get default application",
					"request": {
						"method": "GET",
						"header": [
							{
								"key": "Content-Type",
								"name": "Content-Type",
								"value": "application/json",
								"type": "text"
							}
						],
						"url": {
							"raw": "https://api.tyntec.com/chat-api/{{apiVersion}}/applications/default",
							"protocol": "https",
							"host": [
								"api",
								"tyntec",
								"com"
							],
							"path": [
								"chat-api",
								"{{apiVersion}}",
								"applications",
								"default"
							]
						}
					},
					"response": []
				},
				{
					"name": "Update default application",
					"request": {
						"method": "PATCH",
						"header": [
							{
								"key": "Content-Type",
								"name": "Content-Type",
								"value": "application/json",
								"type": "text"
							}
						],
						"body": {
							"mode": "raw",
							"raw": "{\r\n        \"webhooks\": [\r\n        \t{\r\n                \"events\": [\r\n                    \"MoMessage\"\r\n                ],\r\n                \"callbackUrl\": \"<webhook URL to receive MoMessage>\"\r\n            },\r\n            {\r\n                \"events\": [\r\n                    \"MessageStatus::accepted\",\r\n                    \"MessageStatus::delivered\",\r\n                    \"MessageStatus::seen\",\r\n                    \"MessageStatus::failed\",\r\n                    \"MessageStatus::channelFailed\",\r\n                    \"MessageStatus::deleted\"\r\n                ],\r\n                \"callbackUrl\": \"<webhook URL to receive MessageStatus>\"\r\n            },\r\n            {\r\n                \"events\": [\r\n                    \"WhatsAppGroupEvent::userJoined\",\r\n                    \"WhatsAppGroupEvent::userLeft\",\r\n                    \"WhatsAppGroupEvent::subjectChanged\",\r\n                    \"WhatsAppGroupEvent::descriptionChanged\"\r\n                ],\r\n                \"callbackUrl\": \"<webhook URL to receive WhatsAppGroupEvent>\"\r\n            }\r\n        ]\r\n    }",
							"options": {
								"raw": {
									"language": "json"
								}
							}
						},
						"url": {
							"raw": "https://api.tyntec.com/chat-api/{{apiVersion}}/applications/default",
							"protocol": "https",
							"host": [
								"api",
								"tyntec",
								"com"
							],
							"path": [
								"chat-api",
								"{{apiVersion}}",
								"applications",
								"default"
							]
						}
					},
					"response": []
				}
			],
			"protocolProfileBehavior": {}
		},
		{
			"name": "Get Status of Message",
			"request": {
				"method": "GET",
				"header": [],
				"url": {
					"raw": "https://api.tyntec.com/chat-api/{{apiVersion}}/messages/{{messageId}}/status",
					"protocol": "https",
					"host": [
						"api",
						"tyntec",
						"com"
					],
					"path": [
						"chat-api",
						"{{apiVersion}}",
						"messages",
						"{{messageId}}",
						"status"
					]
				}
			},
			"response": []
		},
		{
			"name": "Get History of Message",
			"request": {
				"method": "GET",
				"header": [],
				"url": {
					"raw": "https://api.tyntec.com/chat-api/{{apiVersion}}/messages/{{messageId}}/history",
					"protocol": "https",
					"host": [
						"api",
						"tyntec",
						"com"
					],
					"path": [
						"chat-api",
						"{{apiVersion}}",
						"messages",
						"{{messageId}}",
						"history"
					]
				}
			},
			"response": []
		},
		{
			"name": "Get Media",
			"request": {
				"method": "GET",
				"header": [],
				"url": {
					"raw": "https://api.tyntec.com/chat-api/{{apiVersion}}/media/{{mediaId}}",
					"protocol": "https",
					"host": [
						"api",
						"tyntec",
						"com"
					],
					"path": [
						"chat-api",
						"{{apiVersion}}",
						"media",
						"{{mediaId}}"
					]
				}
			},
			"response": []
		}
	],
	"auth": {
		"type": "apikey",
		"apikey": [
			{
				"key": "key",
				"value": "apikey",
				"type": "string"
			},
			{
				"key": "value",
				"value": "{{apikey}}",
				"type": "string"
			}
		]
	},
	"event": [
		{
			"listen": "prerequest",
			"script": {
				"id": "9711d224-9cba-42f0-843d-1cc174364b93",
				"type": "text/javascript",
				"exec": [
					""
				]
			}
		},
		{
			"listen": "test",
			"script": {
				"id": "b1c23642-2e81-4eb2-9669-7f41efbd6ff1",
				"type": "text/javascript",
				"exec": [
					""
				]
			}
		}
	],
	"variable": [
		{
			"id": "0ea7ddf2-c1e5-4e2e-973c-077e8528eb05",
			"key": "apiVersion",
			"value": "v2"
		},
		{
			"id": "8aaa9115-38c5-472a-959f-4f3c652025f5",
			"key": "baseUrl",
			"value": "https://api.tyntec.com"
		}
	],
	"protocolProfileBehavior": {}
}