{
	"info": {
		"_postman_id": "b23064ab-48db-45a6-bf91-3cdede008841",
		"name": "Chat API V2.9",
		"description": "This postman collection gives you easy access to tyntecs Chat API.\n\nThe official documentation is available at https://api.tyntec.com/reference/#chat-api.",
		"schema": "https://schema.getpostman.com/json/collection/v2.1.0/collection.json"
	},
	"item": [
		{
			"name": "Whatsapp Messages",
			"item": [
				{
					"name": "Send Whatsapp Template Message",
					"request": {
						"method": "POST",
						"header": [
							{
								"key": "Content-Type",
								"name": "Content-Type",
								"type": "text",
								"value": "application/json"
							}
						],
						"body": {
							"mode": "raw",
							"raw": "{\n \"to\": \"{{toPhoneNumber}}\", \n \"channels\": [\"whatsapp\"],\n \"whatsapp\": {\n \t\"from\" : \"{{whatsappPhoneNumber}}\",\n \t\"template\" : {\n \t\t\"templateId\": \"status_update\",\n \t\t\"language\": {\n \t\t\t\"policy\": \"deterministic\",\n \t\t\t\"code\": \"en\"\n \t\t},\n \t\t\"components\" : [\n \t\t\t{\"type\": \"body\",\n \t\t\t\t\"parameters\": [{\"type\":\"text\", \"text\" : \"Peter\"}, {\"type\":\"text\", \"text\" : \"demo account\"}, {\"type\":\"text\", \"text\" : \"provisioned\"}]\n \t\t\t}\n \t\t\t]\n \t\t\t \n \t\t\t\n \t},\n \t\"contentType\":\"template\"\n }\n}"
						},
						"url": {
							"raw": "https://api.tyntec.com/chat-api/{{apiVersion}}/messages",
							"protocol": "https",
							"host": [
								"api",
								"tyntec",
								"com"
							],
							"path": [
								"chat-api",
								"{{apiVersion}}",
								"messages"
							]
						}
					},
					"response": []
				},
				{
					"name": "Send Whatsapp Rich Media Notification (Image)",
					"request": {
						"method": "POST",
						"header": [
							{
								"key": "Content-Type",
								"name": "Content-Type",
								"type": "text",
								"value": "application/json"
							}
						],
						"body": {
							"mode": "raw",
							"raw": "{\n \"to\": \"{{toPhoneNumber}}\", \n \"channels\": [\"whatsapp\"],\n \"whatsapp\": {\n \t\"from\" : \"{{whatsappPhoneNumber}}\",\n \t\"template\" : {\n \t\t\"templateId\": \"2fa_qr_code\",\n \t\t\"language\": {\n \t\t\t\"policy\": \"deterministic\",\n \t\t\t\"code\": \"en\"\n \t\t},\n \t\t\"components\" : [\n \t\t\t{\"type\": \"header\",\n \t\t\t\t\"parameters\" : [ {\"type\" : \"media\",\n \t\t\t\t\t\"media\" : {\"url\" : \"https://upload.wikimedia.org/wikipedia/commons/6/6c/Sample_EPC_QR_code.png\", \"type\" :\"image\"}\n \t\t\t\t}]\n \t\t\t},\n \t\t\t{\"type\" : \"body\",\n \t\t\t\t\"parameters\" : [\n \t\t\t\t\t{\"type\" :\"text\", \"text\" : \"Peter\"}\n \t\t\t\t]\n \t\t\t}\n \t\t\t]\n \t\t\t \n \t\t\t\n \t},\n \t\"contentType\":\"template\"\n }\n}"
						},
						"url": {
							"raw": "https://api.tyntec.com/chat-api/{{apiVersion}}/messages",
							"protocol": "https",
							"host": [
								"api",
								"tyntec",
								"com"
							],
							"path": [
								"chat-api",
								"{{apiVersion}}",
								"messages"
							]
						}
					},
					"response": []
				},
				{
					"name": "Send Whatsapp Rich Media Notification (Document)",
					"request": {
						"method": "POST",
						"header": [
							{
								"key": "Content-Type",
								"name": "Content-Type",
								"type": "text",
								"value": "application/json"
							}
						],
						"body": {
							"mode": "raw",
							"raw": "{\n \"to\": \"{{toPhoneNumber}}\", \n \"channels\": [\"whatsapp\"],\n \"whatsapp\": {\n \t\"from\" : \"{{whatsappPhoneNumber}}\",\n \t\"template\" : {\n \t\t\"templateId\": \"checkin_voucher\",\n \t\t\"language\": {\n \t\t\t\"policy\": \"deterministic\",\n \t\t\t\"code\": \"en\"\n \t\t},\n \t\t\"components\" : [\n \t\t\t{\"type\": \"header\",\n \t\t\t\t\"parameters\" : [ {\"type\" : \"media\",\n \t\t\t\t\t\"media\" : {\n \t\t\t\t\t\t\"url\" : \"https://www.tyntec.com/sites/default/files/uploads/1608_tyntec_CorporateBackground.pdf\", \n \t\t\t\t\t\t\"type\" :\"document\",\n \t\t\t\t\t\t\"filename\" : \"tyntec background\"\n \t\t\t\t\t\t\n \t\t\t\t\t}\n \t\t\t\t}]\n \t\t\t},\n \t\t\t{\"type\" : \"body\",\n \t\t\t\t\"parameters\" : [\n \t\t\t\t\t{\"type\" :\"text\", \"text\" : \"Peter\"},\n \t\t\t\t\t{\"type\" :\"text\", \"text\" : \"tyntec 5 stars\"}\n \t\t\t\t]\n \t\t\t}\n \t\t\t]\n \t\t\t \n \t\t\t\n \t},\n \t\"contentType\":\"template\"\n }\n}"
						},
						"url": {
							"raw": "https://api.tyntec.com/chat-api/{{apiVersion}}/messages",
							"protocol": "https",
							"host": [
								"api",
								"tyntec",
								"com"
							],
							"path": [
								"chat-api",
								"{{apiVersion}}",
								"messages"
							]
						}
					},
					"response": []
				},
				{
					"name": "Send Whatsapp Text Message",
					"request": {
						"method": "POST",
						"header": [
							{
								"key": "Content-Type",
								"name": "Content-Type",
								"type": "text",
								"value": "application/json"
							}
						],
						"body": {
							"mode": "raw",
							"raw": "{\n\"to\": \"{{toPhoneNumber}}\", \n \"channels\": [\"whatsapp\"],\n \"whatsapp\": {\n \t\"from\" : \"{{whatsappPhoneNumber}}\",\n \t\"text\" : \"test message\",\n \t\"contentType\":\"text\"\n }\n}"
						},
						"url": {
							"raw": "https://api.tyntec.com/chat-api/{{apiVersion}}/messages",
							"protocol": "https",
							"host": [
								"api",
								"tyntec",
								"com"
							],
							"path": [
								"chat-api",
								"{{apiVersion}}",
								"messages"
							]
						}
					},
					"response": []
				},
				{
					"name": "Send Whatsapp Location Message",
					"request": {
						"method": "POST",
						"header": [
							{
								"key": "Content-Type",
								"name": "Content-Type",
								"type": "text",
								"value": "application/json"
							}
						],
						"body": {
							"mode": "raw",
							"raw": "{\n \"to\": \"{{toPhoneNumber}}\", \n \"channels\": [\"whatsapp\"],\n \"whatsapp\": {\n \t\"from\" : \"{{whatsappPhoneNumber}}\",\n \t\"location\" : {\n \t\t\"longitude\" : 7.4954884,\n \t\t\"latitude\" : 51.5005765,\n \t\t\"name\" : \"tyntec GmbH\",\n \t\t\"address\" : \"tyntec GmbH, Semerteichstraße, Dortmund\"\n \t},\n \t\"contentType\":\"location\"\n }\n}"
						},
						"url": {
							"raw": "https://api.tyntec.com/chat-api/{{apiVersion}}/messages",
							"protocol": "https",
							"host": [
								"api",
								"tyntec",
								"com"
							],
							"path": [
								"chat-api",
								"{{apiVersion}}",
								"messages"
							]
						}
					},
					"response": []
				},
				{
					"name": "Send Document",
					"request": {
						"method": "POST",
						"header": [
							{
								"key": "Content-Type",
								"name": "Content-Type",
								"value": "application/json",
								"type": "text"
							}
						],
						"body": {
							"mode": "raw",
							"raw": "{\n \"to\": \"{{toPhoneNumber}}\", \n \"channels\": [\"whatsapp\"],\n \"whatsapp\": {\n \t\"from\" : \"{{whatsappPhoneNumber}}\",\n \t\"media\" : {\n \t  \"type\" : \"document\",\n \t  \"url\" : \"https://www.tyntec.com/sites/default/files/uploads/1608_tyntec_CorporateBackground.pdf\",\n \t  \"caption\" : \"tyntec corporate background\"\n \t},\n \t\"contentType\":\"media\"\n }\n}"
						},
						"url": {
							"raw": "https://api.tyntec.com/chat-api/{{apiVersion}}/messages",
							"protocol": "https",
							"host": [
								"api",
								"tyntec",
								"com"
							],
							"path": [
								"chat-api",
								"{{apiVersion}}",
								"messages"
							]
						}
					},
					"response": []
				},
				{
					"name": "Send Contact",
					"request": {
						"method": "POST",
						"header": [
							{
								"key": "Content-Type",
								"name": "Content-Type",
								"value": "application/json",
								"type": "text"
							}
						],
						"body": {
							"mode": "raw",
							"raw": "{\n \"to\": \"{{toPhoneNumber}}\", \n \"channels\": [\"whatsapp\"],\n \"whatsapp\": {\n \t\"from\" : \"{{whatsappPhoneNumber}}\",\n \t\"contacts\" : [{\n \t\t\"addresses\": [\n        \t{\n            \t\"city\": \"Munich\",\n                \"country\": \"Germany\",\n                \"country_code\": \"DE\",\n                \"street\": \"Hofmannstrasse 25-27\",\n                \"type\": \"WORK\",\n                \"zip\": \"81379\"\n        \t}\n        ],\n        \"name\": {\n            \"formatted_name\": \"tyntec GmbH Demo\",\n            \"last_name\": \"Your last name\"\n        }\t\n \t}],\n \t\"contentType\":\"contacts\"\n }\n}"
						},
						"url": {
							"raw": "https://api.tyntec.com/chat-api/{{apiVersion}}/messages",
							"protocol": "https",
							"host": [
								"api",
								"tyntec",
								"com"
							],
							"path": [
								"chat-api",
								"{{apiVersion}}",
								"messages"
							]
						}
					},
					"response": []
				},
				{
					"name": "Send Image",
					"request": {
						"method": "POST",
						"header": [
							{
								"key": "Content-Type",
								"name": "Content-Type",
								"value": "application/json",
								"type": "text"
							}
						],
						"body": {
							"mode": "raw",
							"raw": "{\n \"to\": \"{{toPhoneNumber}}\", \n \"channels\": [\"whatsapp\"],\n \"whatsapp\": {\n \t\"from\" : \"{{whatsappPhoneNumber}}\",\n \t\"media\" : {\n \t  \"type\" : \"image\",\n \t  \"url\" : \"https://yokoent.com/images/crowd-png-2.png\"\n \t},\n \t\"contentType\":\"media\"\n }\n}"
						},
						"url": {
							"raw": "https://api.tyntec.com/chat-api/{{apiVersion}}/messages",
							"protocol": "https",
							"host": [
								"api",
								"tyntec",
								"com"
							],
							"path": [
								"chat-api",
								"{{apiVersion}}",
								"messages"
							]
						}
					},
					"response": []
				},
				{
					"name": "Send Video",
					"request": {
						"method": "POST",
						"header": [
							{
								"key": "Content-Type",
								"name": "Content-Type",
								"value": "application/json",
								"type": "text"
							}
						],
						"body": {
							"mode": "raw",
							"raw": "{\n \"to\": \"{{toPhoneNumber}}\", \n \"channels\": [\"whatsapp\"],\n \"whatsapp\": {\n \t\"from\" : \"{{whatsappPhoneNumber}}\",\n \t\"media\" : {\n \t  \"type\" : \"image\",\n \t  \"url\" : \"https://yokoent.com/images/crowd-png-2.png\"\n \t},\n \t\"contentType\":\"media\"\n }\n}"
						},
						"url": {
							"raw": "https://api.tyntec.com/chat-api/{{apiVersion}}/messages",
							"protocol": "https",
							"host": [
								"api",
								"tyntec",
								"com"
							],
							"path": [
								"chat-api",
								"{{apiVersion}}",
								"messages"
							]
						}
					},
					"response": []
				}
			],
			"protocolProfileBehavior": {}
		},
		{
			"name": "SMS Messages",
			"item": [
				{
					"name": "Send SMS Message",
					"request": {
						"method": "POST",
						"header": [
							{
								"key": "Content-Type",
								"name": "Content-Type",
								"type": "text",
								"value": "application/json"
							}
						],
						"body": {
							"mode": "raw",
							"raw": "{\n \"to\": \"{{toPhoneNumber}}\", \n \"channels\": [\"sms\"], \n \"sms\": {\n \t\"from\": \"{{smsPhoneNumber}}\",\n \t\"text\" : \"Aloha 👋� from the postman environement!\",\n \t\"contentType\":\"text\"\n }\n}"
						},
						"url": {
							"raw": "https://api.tyntec.com/chat-api/{{apiVersion}}/messages",
							"protocol": "https",
							"host": [
								"api",
								"tyntec",
								"com"
							],
							"path": [
								"chat-api",
								"{{apiVersion}}",
								"messages"
							]
						}
					},
					"response": []
				}
			],
			"event": [
				{
					"listen": "prerequest",
					"script": {
						"id": "0c0a7a1c-5f2b-4667-9265-021ca483cdb4",
						"type": "text/javascript",
						"exec": [
							""
						]
					}
				},
				{
					"listen": "test",
					"script": {
						"id": "46ff56b5-5380-449c-b68f-5597d0321eef",
						"type": "text/javascript",
						"exec": [
							""
						]
					}
				}
			],
			"protocolProfileBehavior": {}
		},
		{
			"name": "Channel selection",
			"item": [
				{
					"name": "Send Whatsapp Message with SMS Fallback",
					"request": {
						"method": "POST",
						"header": [
							{
								"key": "Content-Type",
								"name": "Content-Type",
								"type": "text",
								"value": "application/json"
							}
						],
						"body": {
							"mode": "raw",
							"raw": "{\n \"to\": \"{{toPhoneNumber}}\", \n \"channels\": [\"whatsapp\", \"sms\"], \n \"sms\": {\n \t\"from\": \"{{smsPhoneNumber}}\",\n \t\"text\" : \"Hi there! This is a message using sms as fallback channel\",\n \t\"contentType\":\"text\"\n }, \n \"whatsapp\": {\n \t\"from\" :\"{{whatsappPhoneNumber}}\",\n \t\"text\" : \"Hi there! This is a message using whatsapp or sms channel\",\n \t\"contentType\":\"text\"\n }\n}"
						},
						"url": {
							"raw": "https://api.tyntec.com/chat-api/{{apiVersion}}/messages",
							"protocol": "https",
							"host": [
								"api",
								"tyntec",
								"com"
							],
							"path": [
								"chat-api",
								"{{apiVersion}}",
								"messages"
							]
						}
					},
					"response": []
				},
				{
					"name": "Specify different senders for the same message",
					"request": {
						"method": "POST",
						"header": [
							{
								"key": "Content-Type",
								"name": "Content-Type",
								"type": "text",
								"value": "application/json"
							}
						],
						"body": {
							"mode": "raw",
							"raw": "{\n \"to\": \"{{toPhoneNumber}}\", \n \"channels\": [\"whatsapp\", \"sms\"], \n \"sms\": {\n \t\"from\": \"{{smsPhoneNumber}}\",\n \t\"text\" : \"Hi there! This is a message using sms as fallback channel with a different sender\",\n \t\"contentType\":\"text\" \t\n }, \n \"whatsapp\": {\n \t\"from\" :\"{{whatsappPhoneNumber}}\",\n \t\"text\" : \"Hi there! This is a message using sms as fallback channel with a different sender\",\n \t\"contentType\":\"text\" \t\n }\n}"
						},
						"url": {
							"raw": "https://api.tyntec.com/chat-api/{{apiVersion}}/messages",
							"protocol": "https",
							"host": [
								"api",
								"tyntec",
								"com"
							],
							"path": [
								"chat-api",
								"{{apiVersion}}",
								"messages"
							]
						}
					},
					"response": []
				}
			],
			"event": [
				{
					"listen": "prerequest",
					"script": {
						"id": "0c0a7a1c-5f2b-4667-9265-021ca483cdb4",
						"type": "text/javascript",
						"exec": [
							""
						]
					}
				},
				{
					"listen": "test",
					"script": {
						"id": "46ff56b5-5380-449c-b68f-5597d0321eef",
						"type": "text/javascript",
						"exec": [
							""
						]
					}
				}
			],
			"protocolProfileBehavior": {}
		},
		{
			"name": "Customized requests",
			"item": [
				{
					"name": "Send Whatsapp Text Message with userContext",
					"request": {
						"method": "POST",
						"header": [
							{
								"key": "Content-Type",
								"name": "Content-Type",
								"type": "text",
								"value": "application/json"
							}
						],
						"body": {
							"mode": "raw",
							"raw": "{\n\"to\": \"{{toPhoneNumber}}\", \n \"channels\": [\"whatsapp\"],\n \"whatsapp\": {\n \t\"from\" : \"{{whatsappPhoneNumber}}\",\n \t\"text\" : \"test message\",\n \t\"contentType\":\"text\"\n },\n \"context\" : {\n \t\"userContext\" : \"This is an example context. it will be returned on the message status events\"\n }\n}"
						},
						"url": {
							"raw": "https://api.tyntec.com/chat-api/{{apiVersion}}/messages",
							"protocol": "https",
							"host": [
								"api",
								"tyntec",
								"com"
							],
							"path": [
								"chat-api",
								"{{apiVersion}}",
								"messages"
							]
						}
					},
					"response": []
				},
				{
					"name": "Send Whatsapp Text Message with callback URL override",
					"request": {
						"method": "POST",
						"header": [
							{
								"key": "Content-Type",
								"name": "Content-Type",
								"type": "text",
								"value": "application/json"
							}
						],
						"body": {
							"mode": "raw",
							"raw": "{\n\"to\": \"{{toPhoneNumber}}\", \n \"channels\": [\"whatsapp\"],\n \"whatsapp\": {\n \t\"from\" : \"{{whatsappPhoneNumber}}\",\n \t\"text\" : \"The MessageStatus is send to https://requestbin.com/r/enxtlfh2qo5q\",\n \t\"contentType\":\"text\"\n },\n \"overrides\" : {\n \t\"notificationCallbackUrl\" : \"https://enxtlfh2qo5q.x.pipedream.net\"\n }\n}"
						},
						"url": {
							"raw": "https://api.tyntec.com/chat-api/{{apiVersion}}/messages",
							"protocol": "https",
							"host": [
								"api",
								"tyntec",
								"com"
							],
							"path": [
								"chat-api",
								"{{apiVersion}}",
								"messages"
							]
						}
					},
					"response": []
				}
			],
			"protocolProfileBehavior": {}
		},
		{
			"name": "WhatsApp",
			"item": [
				{
					"name": "Group Management",
					"item": [
						{
							"name": "List all groups",
							"request": {
								"method": "GET",
								"header": [],
								"url": {
									"raw": "https://api.tyntec.com/chat-api/{{apiVersion}}/channels/whatsapp/phone-numbers/{{whatsappPhoneNumber}}/groups",
									"protocol": "https",
									"host": [
										"api",
										"tyntec",
										"com"
									],
									"path": [
										"chat-api",
										"{{apiVersion}}",
										"channels",
										"whatsapp",
										"phone-numbers",
										"{{whatsappPhoneNumber}}",
										"groups"
									]
								}
							},
							"response": []
						},
						{
							"name": "Create new group",
							"request": {
								"method": "POST",
								"header": [
									{
										"key": "Content-Type",
										"value": "application/json",
										"type": "text"
									}
								],
								"body": {
									"mode": "raw",
									"raw": "{\n\t\"subject\" : \"Group Subject\"\n}"
								},
								"url": {
									"raw": "https://api.tyntec.com/chat-api/{{apiVersion}}/channels/whatsapp/phone-numbers/{{whatsappPhoneNumber}}/groups",
									"protocol": "https",
									"host": [
										"api",
										"tyntec",
										"com"
									],
									"path": [
										"chat-api",
										"{{apiVersion}}",
										"channels",
										"whatsapp",
										"phone-numbers",
										"{{whatsappPhoneNumber}}",
										"groups"
									]
								}
							},
							"response": []
						},
						{
							"name": "Get Group Info",
							"request": {
								"method": "GET",
								"header": [],
								"url": {
									"raw": "https://api.tyntec.com/chat-api/{{apiVersion}}/channels/whatsapp/phone-numbers/{{whatsappPhoneNumber}}/groups/{{whatsappGroupId}}",
									"protocol": "https",
									"host": [
										"api",
										"tyntec",
										"com"
									],
									"path": [
										"chat-api",
										"{{apiVersion}}",
										"channels",
										"whatsapp",
										"phone-numbers",
										"{{whatsappPhoneNumber}}",
										"groups",
										"{{whatsappGroupId}}"
									]
								}
							},
							"response": []
						},
						{
							"name": "Get Group Profile",
							"request": {
								"method": "GET",
								"header": [],
								"url": {
									"raw": "https://api.tyntec.com/chat-api/{{apiVersion}}/channels/whatsapp/phone-numbers/{{whatsappPhoneNumber}}/groups/{{whatsappGroupId}}/settings/profile",
									"protocol": "https",
									"host": [
										"api",
										"tyntec",
										"com"
									],
									"path": [
										"chat-api",
										"{{apiVersion}}",
										"channels",
										"whatsapp",
										"phone-numbers",
										"{{whatsappPhoneNumber}}",
										"groups",
										"{{whatsappGroupId}}",
										"settings",
										"profile"
									]
								}
							},
							"response": []
						},
						{
							"name": "Update Group Profile",
							"request": {
								"method": "PUT",
								"header": [
									{
										"key": "Content-Type",
										"value": "application/json",
										"type": "text"
									}
								],
								"body": {
									"mode": "raw",
									"raw": "{\n\t\"subject\" : \"Changed Group Title\"\n}"
								},
								"url": {
									"raw": "https://api.tyntec.com/chat-api/{{apiVersion}}/channels/whatsapp/phone-numbers/{{whatsappPhoneNumber}}/groups/{{whatsappGroupId}}/settings/profile",
									"protocol": "https",
									"host": [
										"api",
										"tyntec",
										"com"
									],
									"path": [
										"chat-api",
										"{{apiVersion}}",
										"channels",
										"whatsapp",
										"phone-numbers",
										"{{whatsappPhoneNumber}}",
										"groups",
										"{{whatsappGroupId}}",
										"settings",
										"profile"
									]
								}
							},
							"response": []
						},
						{
							"name": "Get Group Icon",
							"request": {
								"method": "GET",
								"header": [],
								"url": {
									"raw": "https://api.tyntec.com/chat-api/{{apiVersion}}/channels/whatsapp/phone-numbers/{{whatsappPhoneNumber}}/groups/{{whatsappGroupId}}/settings/icon",
									"protocol": "https",
									"host": [
										"api",
										"tyntec",
										"com"
									],
									"path": [
										"chat-api",
										"{{apiVersion}}",
										"channels",
										"whatsapp",
										"phone-numbers",
										"{{whatsappPhoneNumber}}",
										"groups",
										"{{whatsappGroupId}}",
										"settings",
										"icon"
									]
								}
							},
							"response": []
						},
						{
							"name": "Update Group Icon",
							"request": {
								"method": "PUT",
								"header": [
									{
										"key": "Content-Type",
										"value": "image/jpeg",
										"type": "text"
									}
								],
								"body": {
									"mode": "file",
									"file": {
										"src": "/C:/Users/pdaum/Pictures/streams.jpg"
									}
								},
								"url": {
									"raw": "https://api.tyntec.com/chat-api/{{apiVersion}}/channels/whatsapp/phone-numbers/{{whatsappPhoneNumber}}/groups/{{whatsappGroupId}}/settings/icon",
									"protocol": "https",
									"host": [
										"api",
										"tyntec",
										"com"
									],
									"path": [
										"chat-api",
										"{{apiVersion}}",
										"channels",
										"whatsapp",
										"phone-numbers",
										"{{whatsappPhoneNumber}}",
										"groups",
										"{{whatsappGroupId}}",
										"settings",
										"icon"
									]
								}
							},
							"response": []
						},
						{
							"name": "Create Invite Link",
							"request": {
								"method": "PUT",
								"header": [],
								"url": {
									"raw": "https://api.tyntec.com/chat-api/{{apiVersion}}/channels/whatsapp/phone-numbers/{{whatsappPhoneNumber}}/groups/{{whatsappGroupId}}/invites/link",
									"protocol": "https",
									"host": [
										"api",
										"tyntec",
										"com"
									],
									"path": [
										"chat-api",
										"{{apiVersion}}",
										"channels",
										"whatsapp",
										"phone-numbers",
										"{{whatsappPhoneNumber}}",
										"groups",
										"{{whatsappGroupId}}",
										"invites",
										"link"
									]
								}
							},
							"response": []
						},
						{
							"name": "Get Invite Link",
							"request": {
								"method": "GET",
								"header": [],
								"url": {
									"raw": "https://api.tyntec.com/chat-api/{{apiVersion}}/channels/whatsapp/phone-numbers/{{whatsappPhoneNumber}}/groups/{{whatsappGroupId}}/invites/link",
									"protocol": "https",
									"host": [
										"api",
										"tyntec",
										"com"
									],
									"path": [
										"chat-api",
										"{{apiVersion}}",
										"channels",
										"whatsapp",
										"phone-numbers",
										"{{whatsappPhoneNumber}}",
										"groups",
										"{{whatsappGroupId}}",
										"invites",
										"link"
									]
								}
							},
							"response": []
						},
						{
							"name": "Invalidate Invite Link",
							"request": {
								"method": "DELETE",
								"header": [],
								"url": {
									"raw": "https://api.tyntec.com/chat-api/{{apiVersion}}/channels/whatsapp/phone-numbers/{{whatsappPhoneNumber}}/groups/{{whatsappGroupId}}/invites/link",
									"protocol": "https",
									"host": [
										"api",
										"tyntec",
										"com"
									],
									"path": [
										"chat-api",
										"{{apiVersion}}",
										"channels",
										"whatsapp",
										"phone-numbers",
										"{{whatsappPhoneNumber}}",
										"groups",
										"{{whatsappGroupId}}",
										"invites",
										"link"
									]
								}
							},
							"response": []
						},
						{
							"name": "List participants",
							"request": {
								"method": "GET",
								"header": [],
								"url": {
									"raw": "https://api.tyntec.com/chat-api/{{apiVersion}}/channels/whatsapp/phone-numbers/{{whatsappPhoneNumber}}/groups/{{whatsappGroupId}}/participants",
									"protocol": "https",
									"host": [
										"api",
										"tyntec",
										"com"
									],
									"path": [
										"chat-api",
										"{{apiVersion}}",
										"channels",
										"whatsapp",
										"phone-numbers",
										"{{whatsappPhoneNumber}}",
										"groups",
										"{{whatsappGroupId}}",
										"participants"
									]
								}
							},
							"response": []
						},
						{
							"name": "Remove participants",
							"request": {
								"method": "DELETE",
								"header": [
									{
										"key": "Content-Type",
										"value": "application/json",
										"type": "text"
									}
								],
								"body": {
									"mode": "raw",
									"raw": "{\n\t\"participants\" : [\"1235\"]\n}"
								},
								"url": {
									"raw": "https://api.tyntec.com/chat-api/{{apiVersion}}/channels/whatsapp/phone-numbers/{{whatsappPhoneNumber}}/groups/{{whatsappGroupId}}/participants",
									"protocol": "https",
									"host": [
										"api",
										"tyntec",
										"com"
									],
									"path": [
										"chat-api",
										"{{apiVersion}}",
										"channels",
										"whatsapp",
										"phone-numbers",
										"{{whatsappPhoneNumber}}",
										"groups",
										"{{whatsappGroupId}}",
										"participants"
									]
								}
							},
							"response": []
						},
						{
							"name": "Remove yourself from the group",
							"request": {
								"method": "DELETE",
								"header": [
									{
										"key": "Content-Type",
										"type": "text",
										"value": "application/json",
										"disabled": true
									}
								],
								"url": {
									"raw": "https://api.tyntec.com/chat-api/{{apiVersion}}/channels/whatsapp/phone-numbers/{{whatsappPhoneNumber}}/groups/{{whatsappGroupId}}/participants/self",
									"protocol": "https",
									"host": [
										"api",
										"tyntec",
										"com"
									],
									"path": [
										"chat-api",
										"{{apiVersion}}",
										"channels",
										"whatsapp",
										"phone-numbers",
										"{{whatsappPhoneNumber}}",
										"groups",
										"{{whatsappGroupId}}",
										"participants",
										"self"
									]
								}
							},
							"response": []
						},
						{
							"name": "List admins",
							"request": {
								"method": "GET",
								"header": [],
								"url": {
									"raw": "https://api.tyntec.com/chat-api/{{apiVersion}}/channels/whatsapp/phone-numbers/{{whatsappPhoneNumber}}/groups/{{whatsappGroupId}}/admins",
									"protocol": "https",
									"host": [
										"api",
										"tyntec",
										"com"
									],
									"path": [
										"chat-api",
										"{{apiVersion}}",
										"channels",
										"whatsapp",
										"phone-numbers",
										"{{whatsappPhoneNumber}}",
										"groups",
										"{{whatsappGroupId}}",
										"admins"
									]
								}
							},
							"response": []
						},
						{
							"name": "Promote participant to admin",
							"request": {
								"method": "PUT",
								"header": [],
								"url": {
									"raw": "https://api.tyntec.com/chat-api/{{apiVersion}}/channels/whatsapp/phone-numbers/{{whatsappPhoneNumber}}/groups/{{whatsappGroupId}}/admins/{{participantId}}",
									"protocol": "https",
									"host": [
										"api",
										"tyntec",
										"com"
									],
									"path": [
										"chat-api",
										"{{apiVersion}}",
										"channels",
										"whatsapp",
										"phone-numbers",
										"{{whatsappPhoneNumber}}",
										"groups",
										"{{whatsappGroupId}}",
										"admins",
										"{{participantId}}"
									]
								}
							},
							"response": []
						},
						{
							"name": "Demote admin to participant",
							"request": {
								"method": "DELETE",
								"header": [],
								"url": {
									"raw": "https://api.tyntec.com/chat-api/{{apiVersion}}/channels/whatsapp/phone-numbers/{{whatsappPhoneNumber}}/groups/{{whatsappGroupId}}/admins{{participantId}}",
									"protocol": "https",
									"host": [
										"api",
										"tyntec",
										"com"
									],
									"path": [
										"chat-api",
										"{{apiVersion}}",
										"channels",
										"whatsapp",
										"phone-numbers",
										"{{whatsappPhoneNumber}}",
										"groups",
										"{{whatsappGroupId}}",
										"admins{{participantId}}"
									]
								}
							},
							"response": []
						}
					],
					"event": [
						{
							"listen": "prerequest",
							"script": {
								"id": "68fed33d-ee27-49b5-a99f-4b21d66d93a2",
								"type": "text/javascript",
								"exec": [
									""
								]
							}
						},
						{
							"listen": "test",
							"script": {
								"id": "f6d7812f-8edd-4cc7-9dd3-3de5781b28a2",
								"type": "text/javascript",
								"exec": [
									""
								]
							}
						}
					],
					"protocolProfileBehavior": {},
					"_postman_isSubFolder": true
				},
				{
					"name": "Profile Management",
					"item": [
						{
							"name": "Get Profile",
							"request": {
								"method": "GET",
								"header": [],
								"url": {
									"raw": "https://api.tyntec.com/chat-api/{{apiVersion}}/channels/whatsapp/phone-numbers/{{whatsappPhoneNumber}}/settings/profile",
									"protocol": "https",
									"host": [
										"api",
										"tyntec",
										"com"
									],
									"path": [
										"chat-api",
										"{{apiVersion}}",
										"channels",
										"whatsapp",
										"phone-numbers",
										"{{whatsappPhoneNumber}}",
										"settings",
										"profile"
									]
								}
							},
							"response": []
						},
						{
							"name": "Update Complete Profile",
							"request": {
								"method": "PATCH",
								"header": [
									{
										"key": "Content-Type",
										"name": "Content-Type",
										"value": "application/json",
										"type": "text"
									}
								],
								"body": {
									"mode": "raw",
									"raw": "{\r\n    \"address\": \"<<address>>\",\r\n    \"description\": \"<<description>>\",\r\n    \"email\": \"<<email>>\",\r\n    \"vertical\": \"<<vertical>>\",\r\n    \"websites\": [\r\n        \"<<website>>\"\r\n    ],\r\n    \"about\": \"<<about>>\"\r\n}",
									"options": {
										"raw": {
											"language": "json"
										}
									}
								},
								"url": {
									"raw": "https://api.tyntec.com/chat-api/{{apiVersion}}/channels/whatsapp/phone-numbers/{{whatsappPhoneNumber}}/settings/profile",
									"protocol": "https",
									"host": [
										"api",
										"tyntec",
										"com"
									],
									"path": [
										"chat-api",
										"{{apiVersion}}",
										"channels",
										"whatsapp",
										"phone-numbers",
										"{{whatsappPhoneNumber}}",
										"settings",
										"profile"
									]
								}
							},
							"response": []
						},
						{
							"name": "Update Partial Profile Copy",
							"request": {
								"method": "PATCH",
								"header": [
									{
										"key": "Content-Type",
										"name": "Content-Type",
										"type": "text",
										"value": "application/json"
									}
								],
								"body": {
									"mode": "raw",
									"raw": "{\r\n    \"address\": \"<<address>>\",\r\n    \"description\": \"<<description>>\",\r\n    \"email\": \"<<email>>\",\r\n    \"about\": \"<<about>>\"\r\n}",
									"options": {
										"raw": {
											"language": "json"
										}
									}
								},
								"url": {
									"raw": "https://api.tyntec.com/chat-api/{{apiVersion}}/channels/whatsapp/phone-numbers/{{whatsappPhoneNumber}}/settings/profile",
									"protocol": "https",
									"host": [
										"api",
										"tyntec",
										"com"
									],
									"path": [
										"chat-api",
										"{{apiVersion}}",
										"channels",
										"whatsapp",
										"phone-numbers",
										"{{whatsappPhoneNumber}}",
										"settings",
										"profile"
									]
								}
							},
							"response": []
						},
						{
							"name": "Get Logo",
							"request": {
								"method": "GET",
								"header": [],
								"url": {
									"raw": "https://api.tyntec.com/chat-api/{{apiVersion}}/channels/whatsapp/phone-numbers/{{whatsappPhoneNumber}}/settings/logo",
									"protocol": "https",
									"host": [
										"api",
										"tyntec",
										"com"
									],
									"path": [
										"chat-api",
										"{{apiVersion}}",
										"channels",
										"whatsapp",
										"phone-numbers",
										"{{whatsappPhoneNumber}}",
										"settings",
										"logo"
									]
								}
							},
							"response": []
						},
						{
							"name": "Update Logo",
							"request": {
								"method": "PUT",
								"header": [],
								"url": {
									"raw": "https://api.tyntec.com/chat-api/{{apiVersion}}/channels/whatsapp/phone-numbers/{{whatsappPhoneNumber}}/settings/logo",
									"protocol": "https",
									"host": [
										"api",
										"tyntec",
										"com"
									],
									"path": [
										"chat-api",
										"{{apiVersion}}",
										"channels",
										"whatsapp",
										"phone-numbers",
										"{{whatsappPhoneNumber}}",
										"settings",
										"logo"
									]
								}
							},
							"response": []
						}
					],
					"protocolProfileBehavior": {},
					"_postman_isSubFolder": true
				},
				{
					"name": "Account Information",
					"item": [
						{
							"name": "Template Management",
							"item": [
								{
									"name": "Get one template",
									"request": {
										"method": "GET",
										"header": [],
										"url": {
											"raw": "https://api.tyntec.com/chat-api/{{apiVersion}}/channels/whatsapp/accounts/{{whatsAppAccountId}}/templates/{{whatsAppTemplateName}}",
											"protocol": "https",
											"host": [
												"api",
												"tyntec",
												"com"
											],
											"path": [
												"chat-api",
												"{{apiVersion}}",
												"channels",
												"whatsapp",
												"accounts",
												"{{whatsAppAccountId}}",
												"templates",
												"{{whatsAppTemplateName}}"
											]
										}
									},
									"response": []
								},
								{
									"name": "Get localizations of a template",
									"request": {
										"method": "GET",
										"header": [],
										"url": {
											"raw": "https://api.tyntec.com/chat-api/{{apiVersion}}/channels/whatsapp/accounts/{{whatsAppAccountId}}/templates/{{whatsAppTemplateName}}/localizations",
											"protocol": "https",
											"host": [
												"api",
												"tyntec",
												"com"
											],
											"path": [
												"chat-api",
												"{{apiVersion}}",
												"channels",
												"whatsapp",
												"accounts",
												"{{whatsAppAccountId}}",
												"templates",
												"{{whatsAppTemplateName}}",
												"localizations"
											]
										}
									},
									"response": []
								},
								{
									"name": "Add template",
									"request": {
										"method": "POST",
										"header": [
											{
												"key": "",
												"value": "",
												"type": "text",
												"disabled": true
											}
										],
										"body": {
											"mode": "raw",
											"raw": "{\r\n  \"name\": \"welcome_template2\",\r\n  \"category\": \"AUTO_REPLY\",\r\n  \"localizations\": [\r\n    {\r\n      \"language\": \"en\",\r\n      \"components\": [\r\n        {\r\n          \"type\": \"BODY\",\r\n          \"text\": \"hello {{1}}\"\r\n        }\r\n      ]\r\n    }\r\n  ]\r\n}",
											"options": {
												"raw": {
													"language": "json"
												}
											}
										},
										"url": {
											"raw": "https://api.tyntec.com/chat-api/{{apiVersion}}/channels/whatsapp/accounts/{{whatsAppAccountId}}/templates",
											"protocol": "https",
											"host": [
												"api",
												"tyntec",
												"com"
											],
											"path": [
												"chat-api",
												"{{apiVersion}}",
												"channels",
												"whatsapp",
												"accounts",
												"{{whatsAppAccountId}}",
												"templates"
											]
										}
									},
									"response": []
								},
								{
									"name": "Add localization to template",
									"request": {
										"method": "POST",
										"header": [
											{
												"key": "",
												"type": "text",
												"value": "",
												"disabled": true
											}
										],
										"body": {
											"mode": "raw",
											"raw": "    {\r\n      \"language\": \"de\",\r\n      \"components\": [\r\n        {\r\n          \"type\": \"BODY\",\r\n          \"text\": \"guten tag {{1}}\"\r\n        }\r\n      ]\r\n     }\r\n",
											"options": {
												"raw": {
													"language": "json"
												}
											}
										},
										"url": {
											"raw": "https://api.tyntec.com/chat-api/{{apiVersion}}/channels/whatsapp/accounts/{{whatsAppAccountId}}/templates/{{whatsAppTemplateName}}/localizations",
											"protocol": "https",
											"host": [
												"api",
												"tyntec",
												"com"
											],
											"path": [
												"chat-api",
												"{{apiVersion}}",
												"channels",
												"whatsapp",
												"accounts",
												"{{whatsAppAccountId}}",
												"templates",
												"{{whatsAppTemplateName}}",
												"localizations"
											]
										}
									},
									"response": []
								}
							],
							"protocolProfileBehavior": {},
							"_postman_isSubFolder": true
						},
						{
							"name": "List accounts",
							"request": {
								"method": "GET",
								"header": [
									{
										"warning": "This is a duplicate header and will be overridden by the apikey header generated by Postman.",
										"key": "apikey",
										"value": "{{apikey}}",
										"type": "text"
									}
								],
								"url": {
									"raw": "https://api.tyntec.com/chat-api/{{apiVersion}}/channels/whatsapp/accounts",
									"protocol": "https",
									"host": [
										"api",
										"tyntec",
										"com"
									],
									"path": [
										"chat-api",
										"{{apiVersion}}",
										"channels",
										"whatsapp",
										"accounts"
									]
								}
							},
							"response": []
						},
						{
							"name": "Find account for phone number",
							"request": {
								"method": "GET",
								"header": [
									{
										"key": "apikey",
										"type": "text",
										"value": "{{apikey}}",
										"warning": "This is a duplicate header and will be overridden by the apikey header generated by Postman."
									}
								],
								"url": {
									"raw": "https://api.tyntec.com/chat-api/{{apiVersion}}/channels/whatsapp/accounts?phoneNumber={{whatsappPhoneNumber}}",
									"protocol": "https",
									"host": [
										"api",
										"tyntec",
										"com"
									],
									"path": [
										"chat-api",
										"{{apiVersion}}",
										"channels",
										"whatsapp",
										"accounts"
									],
									"query": [
										{
											"key": "phoneNumber",
											"value": "{{whatsappPhoneNumber}}"
										}
									]
								}
							},
							"response": []
						},
						{
							"name": "List templates",
							"request": {
								"method": "GET",
								"header": [
									{
										"warning": "This is a duplicate header and will be overridden by the apikey header generated by Postman.",
										"key": "apikey",
										"value": "{{apikey}}",
										"type": "text"
									}
								],
								"url": {
									"raw": "https://api.tyntec.com/chat-api/{{apiVersion}}/channels/whatsapp/accounts/{{whatsAppAccountId}}/templates",
									"protocol": "https",
									"host": [
										"api",
										"tyntec",
										"com"
									],
									"path": [
										"chat-api",
										"{{apiVersion}}",
										"channels",
										"whatsapp",
										"accounts",
										"{{whatsAppAccountId}}",
										"templates"
									],
									"query": [
										{
											"key": "",
											"value": null,
											"disabled": true
										}
									]
								}
							},
							"response": []
						},
						{
							"name": "List phone numbers",
							"request": {
								"method": "GET",
								"header": [
									{
										"key": "apikey",
										"type": "text",
										"value": "{{apikey}}",
										"warning": "This is a duplicate header and will be overridden by the apikey header generated by Postman."
									}
								],
								"url": {
									"raw": "https://api.tyntec.com/chat-api/{{apiVersion}}/channels/whatsapp/accounts/{{whatsAppAccountId}}/phone-numbers",
									"protocol": "https",
									"host": [
										"api",
										"tyntec",
										"com"
									],
									"path": [
										"chat-api",
										"{{apiVersion}}",
										"channels",
										"whatsapp",
										"accounts",
										"{{whatsAppAccountId}}",
										"phone-numbers"
									],
									"query": [
										{
											"key": "",
											"value": null,
											"disabled": true
										}
									]
								}
							},
							"response": []
						}
					],
					"event": [
						{
							"listen": "prerequest",
							"script": {
								"id": "ccb1503b-17df-49d2-b2c6-daa1e56cba00",
								"type": "text/javascript",
								"exec": [
									""
								]
							}
						},
						{
							"listen": "test",
							"script": {
								"id": "1eda279c-7210-4b2d-9537-365bd472c6d2",
								"type": "text/javascript",
								"exec": [
									""
								]
							}
						}
					],
					"protocolProfileBehavior": {},
					"_postman_isSubFolder": true
				},
				{
					"name": "Phone Number Information",
					"item": [
						{
							"name": "List phone numbers",
							"request": {
								"method": "GET",
								"header": [
									{
										"warning": "This is a duplicate header and will be overridden by the apikey header generated by Postman.",
										"key": "apikey",
										"value": "{{apikey}}",
										"type": "text"
									}
								],
								"url": {
									"raw": "https://api.tyntec.com/chat-api/{{apiVersion}}/channels/whatsapp/phone-numbers",
									"protocol": "https",
									"host": [
										"api",
										"tyntec",
										"com"
									],
									"path": [
										"chat-api",
										"{{apiVersion}}",
										"channels",
										"whatsapp",
										"phone-numbers"
									]
								}
							},
							"response": []
						},
						{
							"name": "Find one phone number",
							"request": {
								"method": "GET",
								"header": [
									{
										"key": "apikey",
										"type": "text",
										"value": "{{apikey}}",
										"warning": "This is a duplicate header and will be overridden by the apikey header generated by Postman."
									}
								],
								"url": {
									"raw": "https://api.tyntec.com/chat-api/{{apiVersion}}/channels/whatsapp/phone-numbers/{{whatsappPhoneNumber}}",
									"protocol": "https",
									"host": [
										"api",
										"tyntec",
										"com"
									],
									"path": [
										"chat-api",
										"{{apiVersion}}",
										"channels",
										"whatsapp",
										"phone-numbers",
										"{{whatsappPhoneNumber}}"
									]
								}
							},
							"response": []
						},
						{
							"name": "List templates available for the phone number",
							"request": {
								"method": "GET",
								"header": [
									{
										"key": "apikey",
										"type": "text",
										"value": "{{apikey}}",
										"warning": "This is a duplicate header and will be overridden by the apikey header generated by Postman."
									}
								],
								"url": {
									"raw": "https://api.tyntec.com/chat-api/{{apiVersion}}/channels/whatsapp/phone-numbers/{{whatsappPhoneNumber}}/templates",
									"protocol": "https",
									"host": [
										"api",
										"tyntec",
										"com"
									],
									"path": [
										"chat-api",
										"{{apiVersion}}",
										"channels",
										"whatsapp",
										"phone-numbers",
										"{{whatsappPhoneNumber}}",
										"templates"
									]
								}
							},
							"response": []
						}
					],
					"protocolProfileBehavior": {},
					"_postman_isSubFolder": true
				}
			],
			"protocolProfileBehavior": {}
		},
		{
			"name": "Application Management",
			"item": [
				{
					"name": "List all applications",
					"request": {
						"method": "GET",
						"header": [
							{
								"key": "Content-Type",
								"name": "Content-Type",
								"type": "text",
								"value": "application/json"
							}
						],
						"url": {
							"raw": "https://api.tyntec.com/chat-api/{{apiVersion}}/applications",
							"protocol": "https",
							"host": [
								"api",
								"tyntec",
								"com"
							],
							"path": [
								"chat-api",
								"{{apiVersion}}",
								"applications"
							]
						}
					},
					"response": []
				},
				{
					"name": "Get default application",
					"request": {
						"method": "GET",
						"header": [
							{
								"key": "Content-Type",
								"name": "Content-Type",
								"value": "application/json",
								"type": "text"
							}
						],
						"url": {
							"raw": "https://api.tyntec.com/chat-api/{{apiVersion}}/applications/default",
							"protocol": "https",
							"host": [
								"api",
								"tyntec",
								"com"
							],
							"path": [
								"chat-api",
								"{{apiVersion}}",
								"applications",
								"default"
							]
						}
					},
					"response": []
				},
				{
					"name": "Update default application",
					"request": {
						"method": "PATCH",
						"header": [
							{
								"key": "Content-Type",
								"name": "Content-Type",
								"value": "application/json",
								"type": "text"
							}
						],
						"body": {
							"mode": "raw",
							"raw": "{\r\n        \"webhooks\": [\r\n        \t{\r\n                \"events\": [\r\n                    \"MoMessage\"\r\n                ],\r\n                \"callbackUrl\": \"<webhook URL to receive MoMessage>\"\r\n            },\r\n            {\r\n                \"events\": [\r\n                    \"MessageStatus::accepted\",\r\n                    \"MessageStatus::delivered\",\r\n                    \"MessageStatus::seen\",\r\n                    \"MessageStatus::failed\",\r\n                    \"MessageStatus::channelFailed\",\r\n                    \"MessageStatus::deleted\"\r\n                ],\r\n                \"callbackUrl\": \"<webhook URL to receive MessageStatus>\"\r\n            },\r\n            {\r\n                \"events\": [\r\n                    \"WhatsAppGroupEvent::userJoined\",\r\n                    \"WhatsAppGroupEvent::userLeft\",\r\n                    \"WhatsAppGroupEvent::subjectChanged\",\r\n                    \"WhatsAppGroupEvent::descriptionChanged\"\r\n                ],\r\n                \"callbackUrl\": \"<webhook URL to receive WhatsAppGroupEvent>\"\r\n            }\r\n        ]\r\n    }",
							"options": {
								"raw": {
									"language": "json"
								}
							}
						},
						"url": {
							"raw": "https://api.tyntec.com/chat-api/{{apiVersion}}/applications/default",
							"protocol": "https",
							"host": [
								"api",
								"tyntec",
								"com"
							],
							"path": [
								"chat-api",
								"{{apiVersion}}",
								"applications",
								"default"
							]
						}
					},
					"response": []
				}
			],
			"protocolProfileBehavior": {}
		},
		{
			"name": "Get Status of Message",
			"request": {
				"method": "GET",
				"header": [],
				"url": {
					"raw": "https://api.tyntec.com/chat-api/{{apiVersion}}/messages/{{messageId}}/status",
					"protocol": "https",
					"host": [
						"api",
						"tyntec",
						"com"
					],
					"path": [
						"chat-api",
						"{{apiVersion}}",
						"messages",
						"{{messageId}}",
						"status"
					]
				}
			},
			"response": []
		},
		{
			"name": "Get History of Message",
			"request": {
				"method": "GET",
				"header": [],
				"url": {
					"raw": "https://api.tyntec.com/chat-api/{{apiVersion}}/messages/{{messageId}}/history",
					"protocol": "https",
					"host": [
						"api",
						"tyntec",
						"com"
					],
					"path": [
						"chat-api",
						"{{apiVersion}}",
						"messages",
						"{{messageId}}",
						"history"
					]
				}
			},
			"response": []
		},
		{
			"name": "Get Media",
			"request": {
				"method": "GET",
				"header": [],
				"url": {
					"raw": "https://api.tyntec.com/chat-api/{{apiVersion}}/media/{{mediaId}}",
					"protocol": "https",
					"host": [
						"api",
						"tyntec",
						"com"
					],
					"path": [
						"chat-api",
						"{{apiVersion}}",
						"media",
						"{{mediaId}}"
					]
				}
			},
			"response": []
		}
	],
	"auth": {
		"type": "apikey",
		"apikey": [
			{
				"key": "key",
				"value": "apikey",
				"type": "string"
			},
			{
				"key": "value",
				"value": "{{apikey}}",
				"type": "string"
			}
		]
	},
	"event": [
		{
			"listen": "prerequest",
			"script": {
				"id": "1bcc5c29-d5c6-4e28-84f4-f7d114100d3d",
				"type": "text/javascript",
				"exec": [
					""
				]
			}
		},
		{
			"listen": "test",
			"script": {
				"id": "14b4839b-ca77-4b82-84b3-068b118d5a80",
				"type": "text/javascript",
				"exec": [
					""
				]
			}
		}
	],
	"variable": [
		{
			"id": "cdb75ef1-9e7f-45c1-8f49-d6422edccdee",
			"key": "apiVersion",
			"value": "v2",
			"type": "string"
		},
		{
			"id": "da60fe22-7506-45bd-8e8c-fbeada4e9936",
			"key": "baseUrl",
			"value": "https://api.tyntec.com",
			"type": "string"
		}
	],
	"protocolProfileBehavior": {}
}